-- MySQL dump 10.13  Distrib 8.0.13, for macos10.14 (x86_64)
--
-- Host: 127.0.0.1    Database: ooad3
-- ------------------------------------------------------
-- Server version	8.0.13

/*!40101 SET @OLD_CHARACTER_SET_CLIENT=@@CHARACTER_SET_CLIENT */;
/*!40101 SET @OLD_CHARACTER_SET_RESULTS=@@CHARACTER_SET_RESULTS */;
/*!40101 SET @OLD_COLLATION_CONNECTION=@@COLLATION_CONNECTION */;
 SET NAMES utf8 ;
/*!40103 SET @OLD_TIME_ZONE=@@TIME_ZONE */;
/*!40103 SET TIME_ZONE='+00:00' */;
/*!40014 SET @OLD_UNIQUE_CHECKS=@@UNIQUE_CHECKS, UNIQUE_CHECKS=0 */;
/*!40014 SET @OLD_FOREIGN_KEY_CHECKS=@@FOREIGN_KEY_CHECKS, FOREIGN_KEY_CHECKS=0 */;
/*!40101 SET @OLD_SQL_MODE=@@SQL_MODE, SQL_MODE='NO_AUTO_VALUE_ON_ZERO' */;
/*!40111 SET @OLD_SQL_NOTES=@@SQL_NOTES, SQL_NOTES=0 */;

--
-- Table structure for table `auth_group`
--

DROP TABLE IF EXISTS `auth_group`;
/*!40101 SET @saved_cs_client     = @@character_set_client */;
 SET character_set_client = utf8mb4 ;
CREATE TABLE `auth_group` (
  `id` int(11) NOT NULL AUTO_INCREMENT,
  `name` varchar(80) NOT NULL,
  PRIMARY KEY (`id`),
  UNIQUE KEY `name` (`name`)
) ENGINE=InnoDB DEFAULT CHARSET=utf8mb4 COLLATE=utf8mb4_0900_ai_ci;
/*!40101 SET character_set_client = @saved_cs_client */;

--
-- Dumping data for table `auth_group`
--

LOCK TABLES `auth_group` WRITE;
/*!40000 ALTER TABLE `auth_group` DISABLE KEYS */;
/*!40000 ALTER TABLE `auth_group` ENABLE KEYS */;
UNLOCK TABLES;

--
-- Table structure for table `auth_group_permissions`
--

DROP TABLE IF EXISTS `auth_group_permissions`;
/*!40101 SET @saved_cs_client     = @@character_set_client */;
 SET character_set_client = utf8mb4 ;
CREATE TABLE `auth_group_permissions` (
  `id` int(11) NOT NULL AUTO_INCREMENT,
  `group_id` int(11) NOT NULL,
  `permission_id` int(11) NOT NULL,
  PRIMARY KEY (`id`),
  UNIQUE KEY `auth_group_permissions_group_id_permission_id_0cd325b0_uniq` (`group_id`,`permission_id`),
  KEY `auth_group_permissio_permission_id_84c5c92e_fk_auth_perm` (`permission_id`),
  CONSTRAINT `auth_group_permissio_permission_id_84c5c92e_fk_auth_perm` FOREIGN KEY (`permission_id`) REFERENCES `auth_permission` (`id`),
  CONSTRAINT `auth_group_permissions_group_id_b120cbf9_fk_auth_group_id` FOREIGN KEY (`group_id`) REFERENCES `auth_group` (`id`)
) ENGINE=InnoDB DEFAULT CHARSET=utf8mb4 COLLATE=utf8mb4_0900_ai_ci;
/*!40101 SET character_set_client = @saved_cs_client */;

--
-- Dumping data for table `auth_group_permissions`
--

LOCK TABLES `auth_group_permissions` WRITE;
/*!40000 ALTER TABLE `auth_group_permissions` DISABLE KEYS */;
/*!40000 ALTER TABLE `auth_group_permissions` ENABLE KEYS */;
UNLOCK TABLES;

--
-- Table structure for table `auth_permission`
--

DROP TABLE IF EXISTS `auth_permission`;
/*!40101 SET @saved_cs_client     = @@character_set_client */;
 SET character_set_client = utf8mb4 ;
CREATE TABLE `auth_permission` (
  `id` int(11) NOT NULL AUTO_INCREMENT,
  `name` varchar(255) NOT NULL,
  `content_type_id` int(11) NOT NULL,
  `codename` varchar(100) NOT NULL,
  PRIMARY KEY (`id`),
  UNIQUE KEY `auth_permission_content_type_id_codename_01ab375a_uniq` (`content_type_id`,`codename`),
  CONSTRAINT `auth_permission_content_type_id_2f476e4b_fk_django_co` FOREIGN KEY (`content_type_id`) REFERENCES `django_content_type` (`id`)
) ENGINE=InnoDB AUTO_INCREMENT=65 DEFAULT CHARSET=utf8mb4 COLLATE=utf8mb4_0900_ai_ci;
/*!40101 SET character_set_client = @saved_cs_client */;

--
-- Dumping data for table `auth_permission`
--

LOCK TABLES `auth_permission` WRITE;
/*!40000 ALTER TABLE `auth_permission` DISABLE KEYS */;
INSERT INTO `auth_permission` VALUES (1,'Can add 用户',1,'add_user'),(2,'Can change 用户',1,'change_user'),(3,'Can delete 用户',1,'delete_user'),(4,'Can view 用户',1,'view_user'),(5,'Can add class',2,'add_class'),(6,'Can change class',2,'change_class'),(7,'Can delete class',2,'delete_class'),(8,'Can view class',2,'view_class'),(9,'Can add course',3,'add_course'),(10,'Can change course',3,'change_course'),(11,'Can delete course',3,'delete_course'),(12,'Can view course',3,'view_course'),(13,'Can add score',4,'add_score'),(14,'Can change score',4,'change_score'),(15,'Can delete score',4,'delete_score'),(16,'Can view score',4,'view_score'),(17,'Can add time',5,'add_time'),(18,'Can change time',5,'change_time'),(19,'Can delete time',5,'delete_time'),(20,'Can view time',5,'view_time'),(21,'Can add prerequisite',6,'add_prerequisite'),(22,'Can change prerequisite',6,'change_prerequisite'),(23,'Can delete prerequisite',6,'delete_prerequisite'),(24,'Can view prerequisite',6,'view_prerequisite'),(25,'Can add department',7,'add_department'),(26,'Can change department',7,'change_department'),(27,'Can delete department',7,'delete_department'),(28,'Can view department',7,'view_department'),(29,'Can add classroom',8,'add_classroom'),(30,'Can change classroom',8,'change_classroom'),(31,'Can delete classroom',8,'delete_classroom'),(32,'Can view classroom',8,'view_classroom'),(33,'Can add course_room_time',9,'add_course_room_time'),(34,'Can change course_room_time',9,'change_course_room_time'),(35,'Can delete course_room_time',9,'delete_course_room_time'),(36,'Can view course_room_time',9,'view_course_room_time'),(37,'Can add teachers',10,'add_teachers'),(38,'Can change teachers',10,'change_teachers'),(39,'Can delete teachers',10,'delete_teachers'),(40,'Can view teachers',10,'view_teachers'),(41,'Can add log entry',11,'add_logentry'),(42,'Can change log entry',11,'change_logentry'),(43,'Can delete log entry',11,'delete_logentry'),(44,'Can view log entry',11,'view_logentry'),(45,'Can add permission',12,'add_permission'),(46,'Can change permission',12,'change_permission'),(47,'Can delete permission',12,'delete_permission'),(48,'Can view permission',12,'view_permission'),(49,'Can add group',13,'add_group'),(50,'Can change group',13,'change_group'),(51,'Can delete group',13,'delete_group'),(52,'Can view group',13,'view_group'),(53,'Can add user',14,'add_user'),(54,'Can change user',14,'change_user'),(55,'Can delete user',14,'delete_user'),(56,'Can view user',14,'view_user'),(57,'Can add content type',15,'add_contenttype'),(58,'Can change content type',15,'change_contenttype'),(59,'Can delete content type',15,'delete_contenttype'),(60,'Can view content type',15,'view_contenttype'),(61,'Can add session',16,'add_session'),(62,'Can change session',16,'change_session'),(63,'Can delete session',16,'delete_session'),(64,'Can view session',16,'view_session');
/*!40000 ALTER TABLE `auth_permission` ENABLE KEYS */;
UNLOCK TABLES;

--
-- Table structure for table `auth_user`
--

DROP TABLE IF EXISTS `auth_user`;
/*!40101 SET @saved_cs_client     = @@character_set_client */;
 SET character_set_client = utf8mb4 ;
CREATE TABLE `auth_user` (
  `id` int(11) NOT NULL AUTO_INCREMENT,
  `password` varchar(128) NOT NULL,
  `last_login` datetime(6) DEFAULT NULL,
  `is_superuser` tinyint(1) NOT NULL,
  `username` varchar(150) NOT NULL,
  `first_name` varchar(30) NOT NULL,
  `last_name` varchar(150) NOT NULL,
  `email` varchar(254) NOT NULL,
  `is_staff` tinyint(1) NOT NULL,
  `is_active` tinyint(1) NOT NULL,
  `date_joined` datetime(6) NOT NULL,
  PRIMARY KEY (`id`),
  UNIQUE KEY `username` (`username`)
) ENGINE=InnoDB AUTO_INCREMENT=2 DEFAULT CHARSET=utf8mb4 COLLATE=utf8mb4_0900_ai_ci;
/*!40101 SET character_set_client = @saved_cs_client */;

--
-- Dumping data for table `auth_user`
--

LOCK TABLES `auth_user` WRITE;
/*!40000 ALTER TABLE `auth_user` DISABLE KEYS */;
INSERT INTO `auth_user` VALUES (1,'pbkdf2_sha256$120000$NENIJqtqyTrA$afHaZaJ7P6Q15lzLyrehhsrA5JRpo5xrwr4D9pHv7jE=','2018-12-27 02:04:13.059595',1,'sonta','','','406736650@qq.com',1,1,'2018-12-27 02:04:07.731491');
/*!40000 ALTER TABLE `auth_user` ENABLE KEYS */;
UNLOCK TABLES;

--
-- Table structure for table `auth_user_groups`
--

DROP TABLE IF EXISTS `auth_user_groups`;
/*!40101 SET @saved_cs_client     = @@character_set_client */;
 SET character_set_client = utf8mb4 ;
CREATE TABLE `auth_user_groups` (
  `id` int(11) NOT NULL AUTO_INCREMENT,
  `user_id` int(11) NOT NULL,
  `group_id` int(11) NOT NULL,
  PRIMARY KEY (`id`),
  UNIQUE KEY `auth_user_groups_user_id_group_id_94350c0c_uniq` (`user_id`,`group_id`),
  KEY `auth_user_groups_group_id_97559544_fk_auth_group_id` (`group_id`),
  CONSTRAINT `auth_user_groups_group_id_97559544_fk_auth_group_id` FOREIGN KEY (`group_id`) REFERENCES `auth_group` (`id`),
  CONSTRAINT `auth_user_groups_user_id_6a12ed8b_fk_auth_user_id` FOREIGN KEY (`user_id`) REFERENCES `auth_user` (`id`)
) ENGINE=InnoDB DEFAULT CHARSET=utf8mb4 COLLATE=utf8mb4_0900_ai_ci;
/*!40101 SET character_set_client = @saved_cs_client */;

--
-- Dumping data for table `auth_user_groups`
--

LOCK TABLES `auth_user_groups` WRITE;
/*!40000 ALTER TABLE `auth_user_groups` DISABLE KEYS */;
/*!40000 ALTER TABLE `auth_user_groups` ENABLE KEYS */;
UNLOCK TABLES;

--
-- Table structure for table `auth_user_user_permissions`
--

DROP TABLE IF EXISTS `auth_user_user_permissions`;
/*!40101 SET @saved_cs_client     = @@character_set_client */;
 SET character_set_client = utf8mb4 ;
CREATE TABLE `auth_user_user_permissions` (
  `id` int(11) NOT NULL AUTO_INCREMENT,
  `user_id` int(11) NOT NULL,
  `permission_id` int(11) NOT NULL,
  PRIMARY KEY (`id`),
  UNIQUE KEY `auth_user_user_permissions_user_id_permission_id_14a6b632_uniq` (`user_id`,`permission_id`),
  KEY `auth_user_user_permi_permission_id_1fbb5f2c_fk_auth_perm` (`permission_id`),
  CONSTRAINT `auth_user_user_permi_permission_id_1fbb5f2c_fk_auth_perm` FOREIGN KEY (`permission_id`) REFERENCES `auth_permission` (`id`),
  CONSTRAINT `auth_user_user_permissions_user_id_a95ead1b_fk_auth_user_id` FOREIGN KEY (`user_id`) REFERENCES `auth_user` (`id`)
) ENGINE=InnoDB DEFAULT CHARSET=utf8mb4 COLLATE=utf8mb4_0900_ai_ci;
/*!40101 SET character_set_client = @saved_cs_client */;

--
-- Dumping data for table `auth_user_user_permissions`
--

LOCK TABLES `auth_user_user_permissions` WRITE;
/*!40000 ALTER TABLE `auth_user_user_permissions` DISABLE KEYS */;
/*!40000 ALTER TABLE `auth_user_user_permissions` ENABLE KEYS */;
UNLOCK TABLES;

--
-- Table structure for table `django_admin_log`
--

DROP TABLE IF EXISTS `django_admin_log`;
/*!40101 SET @saved_cs_client     = @@character_set_client */;
 SET character_set_client = utf8mb4 ;
CREATE TABLE `django_admin_log` (
  `id` int(11) NOT NULL AUTO_INCREMENT,
  `action_time` datetime(6) NOT NULL,
  `object_id` longtext,
  `object_repr` varchar(200) NOT NULL,
  `action_flag` smallint(5) unsigned NOT NULL,
  `change_message` longtext NOT NULL,
  `content_type_id` int(11) DEFAULT NULL,
  `user_id` int(11) NOT NULL,
  PRIMARY KEY (`id`),
  KEY `django_admin_log_content_type_id_c4bce8eb_fk_django_co` (`content_type_id`),
  KEY `django_admin_log_user_id_c564eba6_fk_auth_user_id` (`user_id`),
  CONSTRAINT `django_admin_log_content_type_id_c4bce8eb_fk_django_co` FOREIGN KEY (`content_type_id`) REFERENCES `django_content_type` (`id`),
  CONSTRAINT `django_admin_log_user_id_c564eba6_fk_auth_user_id` FOREIGN KEY (`user_id`) REFERENCES `auth_user` (`id`)
) ENGINE=InnoDB AUTO_INCREMENT=5 DEFAULT CHARSET=utf8mb4 COLLATE=utf8mb4_0900_ai_ci;
/*!40101 SET character_set_client = @saved_cs_client */;

--
-- Dumping data for table `django_admin_log`
--

LOCK TABLES `django_admin_log` WRITE;
/*!40000 ALTER TABLE `django_admin_log` DISABLE KEYS */;
INSERT INTO `django_admin_log` VALUES (1,'2018-12-27 02:04:53.134054','343','单周测试',1,'[{\"added\": {}}]',2,1),(2,'2018-12-27 02:05:09.280162','344','双周',1,'[{\"added\": {}}]',2,1),(3,'2018-12-27 02:05:41.384534','1465','TEST001 单周测试 2018 1',1,'[{\"added\": {}}]',3,1),(4,'2018-12-27 02:06:16.328809','1466','TEST002 双周 2018 1',1,'[{\"added\": {}}]',3,1);
/*!40000 ALTER TABLE `django_admin_log` ENABLE KEYS */;
UNLOCK TABLES;

--
-- Table structure for table `django_content_type`
--

DROP TABLE IF EXISTS `django_content_type`;
/*!40101 SET @saved_cs_client     = @@character_set_client */;
 SET character_set_client = utf8mb4 ;
CREATE TABLE `django_content_type` (
  `id` int(11) NOT NULL AUTO_INCREMENT,
  `app_label` varchar(100) NOT NULL,
  `model` varchar(100) NOT NULL,
  PRIMARY KEY (`id`),
  UNIQUE KEY `django_content_type_app_label_model_76bd3d3b_uniq` (`app_label`,`model`)
) ENGINE=InnoDB AUTO_INCREMENT=17 DEFAULT CHARSET=utf8mb4 COLLATE=utf8mb4_0900_ai_ci;
/*!40101 SET character_set_client = @saved_cs_client */;

--
-- Dumping data for table `django_content_type`
--

LOCK TABLES `django_content_type` WRITE;
/*!40000 ALTER TABLE `django_content_type` DISABLE KEYS */;
INSERT INTO `django_content_type` VALUES (11,'admin','logentry'),(13,'auth','group'),(12,'auth','permission'),(14,'auth','user'),(15,'contenttypes','contenttype'),(2,'login','class'),(8,'login','classroom'),(3,'login','course'),(9,'login','course_room_time'),(7,'login','department'),(6,'login','prerequisite'),(4,'login','score'),(10,'login','teachers'),(5,'login','time'),(1,'login','user'),(16,'sessions','session');
/*!40000 ALTER TABLE `django_content_type` ENABLE KEYS */;
UNLOCK TABLES;

--
-- Table structure for table `django_migrations`
--

DROP TABLE IF EXISTS `django_migrations`;
/*!40101 SET @saved_cs_client     = @@character_set_client */;
 SET character_set_client = utf8mb4 ;
CREATE TABLE `django_migrations` (
  `id` int(11) NOT NULL AUTO_INCREMENT,
  `app` varchar(255) NOT NULL,
  `name` varchar(255) NOT NULL,
  `applied` datetime(6) NOT NULL,
  PRIMARY KEY (`id`)
) ENGINE=InnoDB AUTO_INCREMENT=39 DEFAULT CHARSET=utf8mb4 COLLATE=utf8mb4_0900_ai_ci;
/*!40101 SET character_set_client = @saved_cs_client */;

--
-- Dumping data for table `django_migrations`
--

LOCK TABLES `django_migrations` WRITE;
/*!40000 ALTER TABLE `django_migrations` DISABLE KEYS */;
INSERT INTO `django_migrations` VALUES (1,'contenttypes','0001_initial','2018-12-27 01:42:37.178013'),(2,'auth','0001_initial','2018-12-27 01:42:37.396648'),(3,'admin','0001_initial','2018-12-27 01:42:37.460573'),(4,'admin','0002_logentry_remove_auto_add','2018-12-27 01:42:37.468662'),(5,'admin','0003_logentry_add_action_flag_choices','2018-12-27 01:42:37.478149'),(6,'contenttypes','0002_remove_content_type_name','2018-12-27 01:42:37.527173'),(7,'auth','0002_alter_permission_name_max_length','2018-12-27 01:42:37.553371'),(8,'auth','0003_alter_user_email_max_length','2018-12-27 01:42:37.572754'),(9,'auth','0004_alter_user_username_opts','2018-12-27 01:42:37.580509'),(10,'auth','0005_alter_user_last_login_null','2018-12-27 01:42:37.609549'),(11,'auth','0006_require_contenttypes_0002','2018-12-27 01:42:37.612112'),(12,'auth','0007_alter_validators_add_error_messages','2018-12-27 01:42:37.619978'),(13,'auth','0008_alter_user_username_max_length','2018-12-27 01:42:37.652572'),(14,'auth','0009_alter_user_last_name_max_length','2018-12-27 01:42:37.685141'),(15,'login','0001_initial','2018-12-27 01:42:37.694918'),(16,'login','0002_auto_20181129_1926','2018-12-27 01:42:37.715041'),(17,'login','0003_class','2018-12-27 01:42:37.775184'),(18,'login','0004_auto_20181206_1916','2018-12-27 01:42:38.005940'),(19,'login','0005_auto_20181209_1326','2018-12-27 01:42:38.066061'),(20,'login','0006_user_credit_limit','2018-12-27 01:42:38.095819'),(21,'login','0007_auto_20181214_1639','2018-12-27 01:42:38.451115'),(22,'login','0008_auto_20181214_1741','2018-12-27 01:42:38.656759'),(23,'login','0009_auto_20181215_1426','2018-12-27 01:42:38.713772'),(24,'login','0010_class_grade','2018-12-27 01:42:38.745280'),(25,'login','0011_auto_20181223_1801','2018-12-27 01:42:38.777281'),(26,'login','0010_auto_20181216_1619','2018-12-27 01:42:38.779513'),(27,'login','0012_merge_20181225_1453','2018-12-27 01:42:38.782058'),(28,'login','0013_course_coursename','2018-12-27 01:42:38.821807'),(29,'login','0014_auto_20181226_0136','2018-12-27 01:42:38.831510'),(30,'login','0015_auto_20181226_0136','2018-12-27 01:42:38.845401'),(31,'login','0016_auto_20181226_1006','2018-12-27 01:42:38.889503'),(32,'login','0017_auto_20181226_1418','2018-12-27 01:42:38.920369'),(33,'login','0018_course_coursename','2018-12-27 01:42:38.950617'),(34,'login','0019_auto_20181226_1906','2018-12-27 01:42:38.995671'),(35,'login','0020_course_coursename','2018-12-27 01:42:39.028187'),(36,'login','0021_auto_20181227_0052','2018-12-27 01:42:39.253112'),(37,'sessions','0001_initial','2018-12-27 01:42:39.269272'),(38,'login','0022_auto_20181227_0143','2018-12-27 01:43:30.779044');
/*!40000 ALTER TABLE `django_migrations` ENABLE KEYS */;
UNLOCK TABLES;

--
-- Table structure for table `django_session`
--

DROP TABLE IF EXISTS `django_session`;
/*!40101 SET @saved_cs_client     = @@character_set_client */;
 SET character_set_client = utf8mb4 ;
CREATE TABLE `django_session` (
  `session_key` varchar(40) NOT NULL,
  `session_data` longtext NOT NULL,
  `expire_date` datetime(6) NOT NULL,
  PRIMARY KEY (`session_key`),
  KEY `django_session_expire_date_a5c62663` (`expire_date`)
) ENGINE=InnoDB DEFAULT CHARSET=utf8mb4 COLLATE=utf8mb4_0900_ai_ci;
/*!40101 SET character_set_client = @saved_cs_client */;

--
-- Dumping data for table `django_session`
--

LOCK TABLES `django_session` WRITE;
/*!40000 ALTER TABLE `django_session` DISABLE KEYS */;
INSERT INTO `django_session` VALUES ('hiwt82rfwdsbrvtcraz92p9lkqvrma8g','Y2IwZDVkNDYwMTVhYzE0MjM3YjI4ODZmMDQ3YTM0MGMzNjUzMjY4Yzp7ImlzX2xvZ2luIjp0cnVlLCJ1c2VyX2lkIjo0MDEsInVzZXJfbmFtZSI6IkNDIiwibWFqb3IiOiJcdThiYTFcdTdiOTdcdTY3M2FcdTc5ZDFcdTViNjZcdTRlMGVcdTVkZTVcdTdhMGJcdTdjZmIiLCJncmFkZSI6Mn0=','2019-01-10 02:21:34.378879'),('qkxd2mvsmfhvbtdzt09l2oi5ipksj2by','Y2IwZDVkNDYwMTVhYzE0MjM3YjI4ODZmMDQ3YTM0MGMzNjUzMjY4Yzp7ImlzX2xvZ2luIjp0cnVlLCJ1c2VyX2lkIjo0MDEsInVzZXJfbmFtZSI6IkNDIiwibWFqb3IiOiJcdThiYTFcdTdiOTdcdTY3M2FcdTc5ZDFcdTViNjZcdTRlMGVcdTVkZTVcdTdhMGJcdTdjZmIiLCJncmFkZSI6Mn0=','2019-01-10 02:30:52.882004');
/*!40000 ALTER TABLE `django_session` ENABLE KEYS */;
UNLOCK TABLES;

--
-- Table structure for table `login_class`
--

DROP TABLE IF EXISTS `login_class`;
/*!40101 SET @saved_cs_client     = @@character_set_client */;
 SET character_set_client = utf8mb4 ;
CREATE TABLE `login_class` (
  `id` int(11) NOT NULL AUTO_INCREMENT,
  `name` varchar(200) NOT NULL,
  `credit` int(11) NOT NULL,
  `code` varchar(200) NOT NULL,
  `category` varchar(1000) NOT NULL,
  `grade` int(11) NOT NULL,
  PRIMARY KEY (`id`)
) ENGINE=InnoDB AUTO_INCREMENT=345 DEFAULT CHARSET=utf8mb4 COLLATE=utf8mb4_0900_ai_ci;
/*!40101 SET character_set_client = @saved_cs_client */;

--
-- Dumping data for table `login_class`
--

LOCK TABLES `login_class` WRITE;
/*!40000 ALTER TABLE `login_class` DISABLE KEYS */;
INSERT INTO `login_class` VALUES (1,'人工智能B',3,'CS303B','Others',3),(2,'科学技术哲学',2,'GE342B','Philosophy',3),(3,'线性代数II',4,'MA104b','Others',1),(4,'中级汉语I',2,'CLE027','GeneralCompulsory',0),(5,'工程热力学',3,'MAE305','Others',3),(6,'输运现象原理',3,'MAE309','Others',3),(7,'金融投资概论',3,'FIN301','Others',3),(8,'机械制造基础',3,'ME302','Others',3),(9,'晶体学',2,'MSE203','Others',2),(10,'中国戏曲美学',2,'GEM034','Art',0),(11,'电路基础',2,'EE104','Others',1),(12,'天线与电波传播',3,'EE307','Others',3),(13,'近代光学',3,'PHY307','Others',3),(14,'机器学习',3,'CS405','Others',4),(15,'文化人类学导论',2,'SS037','Society',0),(16,'数据结构与算法分析',3,'CS203','Others',2),(17,'群表示论',3,'MA321','Others',3),(18,'试验设计',3,'MA318','Others',3),(19,'基础物理实验',2,'PHY104B','Others',1),(20,'中国环境管理的理论与实践',2,'ESE328','Others',3),(21,'神经生物学',3,'BIO310','Others',3),(22,'二十世纪电影',2,'CLE025','GeneralCompulsory',0),(23,'想象力入门',2,'HUM028','Literature',0),(24,'电子商务',2,'EBA101','Others',1),(25,'高级仪器系统的研发II',2,'CH307-13','Others',3),(26,'无机化学导论',3,'CH213','Others',2),(27,'流域水文模拟',2,'ESE413','Others',4),(28,'应用数学方法（研究生）',3,'MAT7007','Others',7),(29,'人工智能',3,'CS303','Others',3),(30,'测度论与积分（研究生）',3,'MAT7002','Others',7),(31,'走近《一千零一夜》',2,'HUM024','Literature',0),(32,'动物生理学',3,'BIO311-14','Others',3),(33,'地理信息系统与遥感应用',3,'ESE317','Others',3),(34,'生理学与病理生理学 I',3,'MED304','Others',3),(35,'科幻：从小说到电影',2,'HUM014','Literature',0),(36,'量子场论导论',4,'PHY443','Others',4),(37,'微纳结构加工',2,'PHY427','Others',4),(38,'数字电路',3,'EE202-17','Others',2),(39,'模拟集成电路版图设计',1,'EE339','Others',3),(40,'半导体光学导论',3,'EE309','Others',3),(41,'人工智能与博弈论',3,'FET305','Others',3),(42,'大学物理C(上)',3,'PHY103C','Others',1),(43,'社会学入门',2,'SS034','Society',0),(44,'高级人工智能',3,'CS421','Others',4),(45,'中国区域民歌',2,'GEM033','Art',0),(46,'分子微生物学实验',1,'BIO342','Others',3),(47,'控制工程基础',2,'ME307-16','Others',3),(48,'形势与政策',2,'IPE105','GeneralCompulsory',1),(49,'中文写作与语言认知（语言与语言学）',2,'HUM012','Literature',0),(50,'数字信号处理',3,'EE323','Others',3),(51,'高级计算机网络与大数据',3,'CS407','Others',4),(52,'医学影像系统原理',3,'BMEB317','Others',3),(53,'工程流体力学',3,'MAE207','Others',2),(54,'信息光学基础',3,'EE327','Others',3),(55,'能源工程基础',3,'ME304','Others',3),(56,'环境学导论',2,'ESE202','Others',2),(57,'细胞生物学实验',2,'BIO208','Others',2),(58,'数学分析精讲',5,'MA213-16','Others',2),(59,'拓扑学',3,'MA323','Others',3),(60,'航空叶轮机原理',3,'MAE311','Others',3),(61,'现代策略合成中的高等有机化学',2,'CH327','Others',3),(62,'先进电子显微学',3,'PHY429','Others',4),(63,'环境微生物实验',1,'ESE309','Others',3),(64,'深圳故事',2,'HEC008','Society',0),(65,'地球物理学基础I（地震学原理）',3,'ESS308','Others',3),(66,'人类学专题：亲属关系与家庭',2,'SS040','Society',0),(67,'污染物运移过程',3,'ESE406','Others',4),(68,'现代电子科学与技术前沿讲座III',1,'EE401','Others',4),(69,'植物生理学',3,'BIO207-15','Others',2),(70,'有机化学I',4,'CH203','Others',2),(71,'马克思主义基本原理概论',2,'IPE102','GeneralCompulsory',1),(72,'市场营销管理',2,'GE2100','Philosophy',2),(73,'固态电子学',3,'EE203','Others',2),(74,'海洋生态系统导论',3,'OCE302','Others',3),(75,'科幻创作',2,'HUM018','Literature',0),(76,'计算机程序设计基础B',3,'CS102B','Others',1),(77,'大学物理 B(下)',4,'PHY105B','Others',1),(78,'计算机导论B',2,'CS101B','Others',1),(79,'应用随机过程',3,'MA208','Others',2),(80,'现代材料科学与技术前沿讲座I',1,'MSE309','Others',3),(81,'模拟电路实验',1,'EE201-17L','Others',2),(82,'中国的工业化与社会变革',2,'SS020','Society',0),(83,'光电仪器设计',3,'EE343','Others',3),(84,'思想道德修养与法律基础',2,'IPE101','GeneralCompulsory',1),(85,'普通生物学实验',2,'BIO104','Others',1),(86,'艺术与科学大讲堂',2,'GEM029','Art',0),(87,'环境工程原理',2,'ESE204','Others',2),(88,'写作与交流',2,'HUM032','Literature',0),(89,'身体美学',2,'GEJ011','Philosophy',0),(90,'化学原理 A',4,'CH101A','Others',1),(91,'物理化学实验',2,'CH303','Others',3),(92,'高等有机化学实验',2,'CH309','Others',3),(93,'薄膜物理',3,'PHY423-15','Others',4),(94,'国际金融',2,'FIN411','Others',4),(95,'人文名家专题系列课程',2,'HUM009','Literature',0),(96,'计算物理',3,'PHY336','Others',3),(97,'整合与创新设计',2,'INO006','Society',0),(98,'人格塑造十五讲',2,'GEJ013','Philosophy',0),(99,'计算机科学与技术前沿讲座 III',1,'CS415','Others',4),(100,'高等统计学（研究生）',3,'MAT7008','Others',7),(101,'动物生理学实验',2,'BIO313-15','Others',3),(102,'陶瓷材料',3,'MSE317','Others',3),(103,'创业金融I',3,'FIN209','Others',2),(104,'计算机网络',3,'CS305','Others',3),(105,'无线通信',3,'EE313','Others',3),(106,'计算机系统设计及应用A',3,'CS209A','Others',2),(107,'机械设计基础',3,'ME303','Others',3),(108,'预防医学',2,'MED302','Others',3),(109,'嵌入式系统与微机原理',3,'CS301','Others',3),(110,'线性代数I-A',4,'MA103A','Others',1),(111,'元素有机化学',2,'CH324','Others',3),(112,'化学生物学',3,'CH313','Others',3),(113,'EAP',2,'CLE030','GeneralCompulsory',0),(114,'非寿险精算',3,'MA228','Others',2),(115,'工笔花鸟',2,'GEM036','Art',0),(116,'C/C++程序设计',3,'CS205','Others',2),(117,'计量经济学',3,'FIN303','Others',3),(118,'物理学中的群论',4,'PHY437','Others',4),(119,'研究方法导论',2,'HEC003','Society',0),(120,'时间序列分析',3,'MA309','Others',3),(121,'集成电路设计',3,'EE304','Others',3),(122,'航空发动机结构与强度',3,'MAE313','Others',3),(123,'化妆品化学与配方',3,'CH410','Others',4),(124,'代数曲线',3,'MAT7057','Others',7),(125,'体育I',1,'GE131','GeneralCompulsory',1),(126,'金融时间序列分析',3,'FIN304','Others',3),(127,'数字电路实验',1,'EE202-17L','Others',2),(128,'材料学综合实验I',4,'MSE307','Others',3),(129,'统计线性模型',3,'MA329','Others',3),(130,'凝聚态物理讲坛',3,'PHY433','Others',4),(131,'数值模拟方法基础',3,'ESE407','Others',4),(132,'cubase软件运用与创编',2,'GEM035','Art',0),(133,'地球与空间科学导论',3,'ESS201','Others',2),(134,'科幻小说中的科学',2,'CLE038','GeneralCompulsory',0),(135,'材料化学',3,'MSE301','Others',3),(136,'空间中的美术史',2,'HUM010','Literature',0),(137,'普通地质学',3,'OCE303','Others',3),(138,'古地磁学与环境磁学',3,'OCE309','Others',3),(139,'结构力学',3,'OCE405','Others',4),(140,'非线性优化技术',3,'EE325','Others',3),(141,'心理学',2,'GE1221','Philosophy',1),(142,'代数专题-群论',3,'MAT7044','Others',7),(143,'美术鉴赏',2,'GEM026','Art',0),(144,'固体物理',4,'PHY321-15','Others',3),(145,'科技创新项目（创新与创业）',2,'MAE499','Others',4),(146,'材料科学创新实验III',1,'MSE401','Others',4),(147,'环境微生物学',3,'ESE301','Others',3),(148,'沟通技巧',2,'GEL006','GeneralCompulsory',0),(149,'微生物学',3,'BIO203','Others',2),(150,'地球科学概论',3,'ESE201','Others',2),(151,'证券投资',3,'FMA303','Others',3),(152,'现代控制与最优估计',3,'ME424','Others',4),(153,'SUSTech EnglishIII',4,'CLE023','GeneralCompulsory',0),(154,'材料科学基础',4,'MSE201','Others',2),(155,'电子科学创新实验III',1,'EE405','Others',4),(156,'高分子化学',3,'CH315','Others',3),(157,'西方音乐史',2,'GEM024','Art',0),(158,'光学设计',3,'EE311','Others',3),(159,'信号分析',3,'ME401','Others',4),(160,'计算机科学创新实验I',1,'CS319','Others',3),(161,'数据结构与算法分析B',3,'CS203B','Others',2),(162,'高等数学（下）A',4,'MA102B','Others',1),(163,'分析化学实验',2,'CH207','Others',2),(164,'大学物理 B(上)',4,'PHY103B','Others',1),(165,'微观经济学',3,'FIN201','Others',2),(166,'神经胶质细胞生物学',2,'BIO325','Others',3),(167,'软件测试',3,'CS409','Others',4),(168,'金融建模与定价分析',3,'FIN409','Others',4),(169,'线性代数I-B',4,'MA103B','Others',1),(170,'集成电路工艺实践',3,'EE320-15','Others',3),(171,'财务报表分析',3,'FIN212','Others',2),(172,'研究型物理实验',3,'PHY301','Others',3),(173,'模拟集成电路设计',3,'EE337','Others',3),(174,'偏微分方程(下)',3,'MAT7024','Others',7),(175,'现代策略合成中的金属有机化学',2,'CH326','Others',3),(176,'固体力学实验',3,'MAE401-16','Others',4),(177,'分析力学',3,'PHY205-15','Others',2),(178,'金融与创业前沿论坛I',2,'FIN205','Others',2),(179,'生态学概论',3,'ESE313','Others',3),(180,'极端环境生命过程',2,'OCE411','Others',4),(181,'航空航天与力学概论',2,'MAE205','Others',2),(182,'理论力学I',3,'MAE203','Others',2),(183,'创新设计课程（水资源）',4,'ESE481','Others',4),(184,'现代概率论',3,'MAT8011','Others',8),(185,'纪录片欣赏与制作',2,'SS021','Society',0),(186,'体育III',1,'GE231','GeneralCompulsory',2),(187,'电动力学I',3,'PHY207-15','Others',2),(188,'海洋地球物理学',3,'OCE401','Others',4),(189,'理论力学I-B',3,'MAE203B','Others',2),(190,'生命科学概论',3,'BIO102B','Others',1),(191,'BioMEMS &#97;ndLab-on-a-Chip',3,'EE431','Others',4),(192,'光电子技术基础',3,'EE303','Others',3),(193,'化学原理 B',3,'CH101B','Others',1),(194,'科学计算',3,'MAT8006','Others',8),(195,'数学物理方法',4,'PHY203-15','Others',2),(196,'金融市场与金融机构及其监管体系',3,'FIN207','Others',2),(197,'岭南文化与岭南方言',2,'HUM027','Literature',0),(198,'创新设计课程',4,'ESE480','Others',4),(199,'材料热力学',3,'MSE311','Others',3),(200,'工程电路与电子基础',3,'MSE205','Others',2),(201,'现代电子科学与技术前沿讲座I',1,'EE301','Others',3),(202,'面向对象分析与设计',3,'CS309','Others',3),(203,'计算化学',3,'CH401','Others',4),(204,'流体力学',4,'MAE303-16','Others',3),(205,'环境科学与工程实验（一）',1,'ESE305','Others',3),(206,'显示与照明技术',2,'EE403','Others',4),(207,'公司金融案例分析',3,'FIN417','Others',4),(208,'杂环化学',3,'CH325','Others',3),(209,'生活教育',2,'GEE001','Philosophy',0),(210,'遗传学',3,'BIO301','Others',3),(211,'空气动力学',3,'MAE405','Others',4),(212,'动力系统',3,'MA401','Others',4),(213,'等离子体物理基础',4,'ESS314','Others',3),(214,'计算机导论A',2,'CS101A','Others',1),(215,'CAD与工程制图',3,'ME102','Others',1),(216,'高等图形学与CAD',2,'ME211','Others',2),(217,'基础汉语 I',2,'CLE008','GeneralCompulsory',0),(218,'普通生物学',4,'BIO102A','Others',1),(219,'计算金融',3,'MA216','Others',2),(220,'复合材料力学',3,'MAE413','Others',4),(221,'偏微分方程',3,'MA303','Others',3),(222,'毛泽东思想和中国特色社会主义理论体系概论',3,'IPE104','GeneralCompulsory',1),(223,'动力学与机械振动',2,'ME301-16','Others',3),(224,'金融科技案例分析II',2,'FET301','Others',3),(225,'中国近现代史纲要',2,'IPE103','GeneralCompulsory',1),(226,'海洋科学趣谈',1,'OCE204','Others',2),(227,'地球化学',2,'ESS406','Others',4),(228,'基因工程学',2,'BIO401','Others',4),(229,'计算机网络B',3,'CS305B','Others',3),(230,'数字逻辑',3,'CS207','Others',2),(231,'量子信息',3,'PHY441','Others',4),(232,'高等量子力学',4,'PHY435','Others',4),(233,'精密加工技术',3,'ME407','Others',4),(234,'材料失效与断裂力学',3,'ME463','Others',4),(235,'电子科学创新实验I',1,'EE317','Others',3),(236,'实变函数',3,'MA301','Others',3),(237,'复合制造技术前沿',3,'ME355','Others',3),(238,'机器人与仿生学',3,'ME433','Others',4),(239,'集成电路工艺原理',3,'EE305','Others',3),(240,'综合物理开放实验',1,'PHY221','Others',2),(241,'生态修复',3,'ESE412','Others',4),(242,'光伏基础',3,'EE336','Others',3),(243,'微生物学实验',2,'BIO205','Others',2),(244,'气象气候学',3,'ESE315','Others',3),(245,'高分子化学实验',1,'CH321','Others',3),(246,'第三代半导体基础导论',3,'EE345','Others',3),(247,'金融风险管理',3,'FMA304','Others',3),(248,'统计物理II',3,'PHY303','Others',3),(249,'高等无机化学实验',2,'CH319','Others',3),(250,'数据库管理与金融应用',3,'FIN307','Others',3),(251,'大学物理A（上）',5,'PHY103A','Others',1),(252,'航空结构强度',3,'MAE307','Others',3),(253,'SUSTech EnglishI',4,'CLE021','GeneralCompulsory',0),(254,'化学原理实验A',2,'CH102-17','Others',1),(255,'量化投资分析',3,'FIN413','Others',4),(256,'城市规划导论',2,'ESE408','Others',4),(257,'先秦思想文化',2,'HUM021','Literature',0),(258,'环境经济学',3,'ESE308','Others',3),(259,'生物医学工程实验（一）',3,'BMEB321','Others',3),(260,'地球物理学基础II（地磁地电地热和重力）',4,'ESS309','Others',3),(261,'生物医学工程（一）',3,'BMEB313','Others',3),(262,'细胞生物学',4,'BIO206-15','Others',2),(263,'蒙古帝国：出现、历史和物质文化',2,'SS038','Society',0),(264,'物理化学I',4,'CH301','Others',3),(265,'代数（研究生）',3,'MAT7001','Others',7),(266,'现代电动汽车技术',2,'EE433','Others',4),(267,'植物生理学实验',2,'BIO209-15','Others',2),(268,'投资银行',3,'FIN407','Others',4),(269,'先进薄膜制备技术',3,'MSE407','Others',4),(270,'集成电路前沿-微处理器设计',3,'EE341','Others',3),(271,'生物动力系统模拟',3,'BIO411-16','Others',4),(272,'生物化学I（生物大分子）',3,'BIO201','Others',2),(273,'创新创业大讲堂',2,'IE001','Society',0),(274,'通信系统设计II',2,'EE417','Others',4),(275,'社会心理学专题：自我认同与社会变迁',2,'SS036','Society',0),(276,'创业管理',2,'GE212','Philosophy',2),(277,'图像与视频处理',3,'EE429','Others',4),(278,'航空发动机概论',1,'MAE206','Others',2),(279,'信息论与编码',2,'EE411','Others',4),(280,'化学燃料电池技术',3,'ME409','Others',4),(281,'考古发现与中国历史',2,'SS033','Society',0),(282,'创新设计理论与实践',3,'ME405','Others',4),(283,'乐理与视唱练耳',2,'GEM008','Art',0),(284,'新能源技术：生物能源工程',3,'ME484','Others',4),(285,'模拟电路',3,'EE201-17','Others',2),(286,'科研创新项目',2,'EE480','Others',4),(287,'初等数论',3,'MA209-16','Others',2),(288,'科学与文明史概论',2,'HUM029','Literature',0),(289,'计算机科学创新实验III',1,'CS417','Others',4),(290,'量子力学II',3,'PHY305','Others',3),(291,'3D打印及激光先进制造',3,'MSE413','Others',4),(292,'概率论与数理统计',3,'MA212','Others',2),(293,'水处理工程',4,'ESE303','Others',3),(294,'嗓音肌理及运用',2,'GEM032','Art',0),(295,'金融风险管理',3,'FET303','Others',3),(296,'数学分析I',5,'MA101a','Others',1),(297,'制造过程仿真与数据分析',2,'ME354','Others',3),(298,'计算机程序设计基础A',3,'CS102A','Others',1),(299,'连续介质力学基础',4,'ESS312','Others',3),(300,'计算金融',3,'FIN401','Others',4),(301,'数值分析',3,'MA305','Others',3),(302,'免疫学',3,'BIO405','Others',4),(303,'增材制造与设计',3,'ME462','Others',4),(304,'金属材料',3,'MSE315','Others',3),(305,'有机功能材料',3,'MSE325','Others',3),(306,'信号和系统',3,'EE205','Others',2),(307,'海洋地震观测基础',3,'OCE402','Others',4),(308,'录音中的钢琴演奏艺术',2,'GEM037','Art',0),(309,'高等数学（上）A',4,'MA101B','Others',1),(310,'创新设计实践',2,'ME305','Others',3),(311,'建筑、空间与文化',2,'SS035','Society',0),(312,'计算生物学',3,'BIO309','Others',3),(313,'科技成果表达',2,'ESE321','Others',3),(314,'液晶光电子学',3,'EE335','Others',3),(315,'数学分析III',5,'MA203a','Others',2),(316,'新媒体艺术空间设计基础',2,'HUM031','Literature',0),(317,'光学材料与超构材料',3,'MSE327','Others',3),(318,'定量生理学（一）',3,'BMEB311','Others',3),(319,'财务会计',3,'FIN203','Others',2),(320,'药物化学',3,'CH317','Others',3),(321,'制造工程认知实践',3,'ME103','Others',1),(322,'SUSTech EnglishII',4,'CLE022','GeneralCompulsory',0),(323,'《孙子兵法》与中国兵学文化',2,'HUM013','Literature',0),(324,'朗读与演讲',2,'HUM026','Literature',0),(325,'航空飞行器动力学',3,'MAE312','Others',3),(326,'常微分方程B',4,'MA201b','Others',2),(327,'当代日本的大众文化',2,'SS014','Society',0),(328,'计算机科学与技术前沿讲座I',1,'CS317','Others',3),(329,'创业思维与实践',2,'INO005','Society',0),(330,'综合物理实验',2,'PHY201-15','Others',2),(331,'计算统计',3,'MAT7035','Others',7),(332,'先进激光加工与检测技术',3,'ME356','Others',3),(333,'化工原理',3,'CH403','Others',4),(334,'智能机器人技术',3,'ME403','Others',4),(335,'工程优化基础',3,'ME426','Others',4),(336,'组织学与胚胎学',3,'MED306','Others',3),(337,'高级算法',3,'CS419','Others',4),(338,'科技创新项目',2,'MSE480','Others',4),(339,'材料科学创新实验I',1,'MSE321','Others',3),(340,'机电系统设计与创新实践',2,'INO002','Society',0),(341,'概率论',4,'MA215','Others',2),(342,'分析化学',4,'CH205','Others',2),(343,'单周测试',3,'TEST001','Others',0),(344,'双周',3,'TEST002','Others',0);
/*!40000 ALTER TABLE `login_class` ENABLE KEYS */;
UNLOCK TABLES;

--
-- Table structure for table `login_course`
--

DROP TABLE IF EXISTS `login_course`;
/*!40101 SET @saved_cs_client     = @@character_set_client */;
 SET character_set_client = utf8mb4 ;
CREATE TABLE `login_course` (
  `id` int(11) NOT NULL AUTO_INCREMENT,
  `teacher` varchar(200) NOT NULL,
  `capacity` int(11) NOT NULL,
  `sememster` int(11) NOT NULL,
  `year` int(11) NOT NULL,
  `lession_id` int(11) NOT NULL,
  `coursename` varchar(100) NOT NULL,
  `classroom` varchar(200) NOT NULL,
  PRIMARY KEY (`id`),
  KEY `login_course_lession_id_b3fbef50_fk_login_class_id` (`lession_id`),
  CONSTRAINT `login_course_lession_id_b3fbef50_fk_login_class_id` FOREIGN KEY (`lession_id`) REFERENCES `login_class` (`id`)
) ENGINE=InnoDB AUTO_INCREMENT=1467 DEFAULT CHARSET=utf8mb4 COLLATE=utf8mb4_0900_ai_ci;
/*!40101 SET character_set_client = @saved_cs_client */;

--
-- Dumping data for table `login_course`
--

LOCK TABLES `login_course` WRITE;
/*!40000 ALTER TABLE `login_course` DISABLE KEYS */;
INSERT INTO `login_course` VALUES (1,'张宏民',100,1,2018,218,'普通生物学 英文班','荔园1栋201 荔园1栋201'),(2,'黄鸿达',100,1,2018,218,'普通生物学 中英双语班','荔园1栋101 荔园1栋101'),(3,'李瑞熙',100,1,2018,190,'生命科学概论 中英双语2班','一教108 一教108'),(4,'饶枫',99,1,2018,190,'生命科学概论 英文班','一教111 一教111'),(5,'吴柘',100,1,2018,190,'生命科学概论 中英双语1班','一教107 一教110'),(6,'',100,1,2018,85,'普通生物学实验 中英双语3班（秋季学期1-3周只退不补选）','荔园1栋513生物实验室'),(7,'',100,1,2018,85,'普通生物学实验 中英双语2班（秋季学期1-3周只退不补选）','荔园1栋513生物实验室'),(8,'',100,1,2018,85,'普通生物学实验 中英双语4班（秋季学期1-3周只退不补选）','荔园1栋503生物实验室'),(9,'',100,1,2018,85,'普通生物学实验 中英双语1班（秋季学期1-3周只退不补选）','荔园1栋513生物实验室'),(10,'余聪',100,1,2018,272,'生物化学I（生物大分子） 英文2班','一教502 一教502'),(11,'梁建生',100,1,2018,272,'生物化学I（生物大分子） 中英双语','一教304 一教304'),(12,'魏志毅',100,1,2018,272,'生物化学I（生物大分子） 英文1班','一教405 一教405'),(13,'孙颖',100,1,2018,149,'微生物学 中英双语2班','一教502 一教502'),(14,'孙颖',100,1,2018,149,'微生物学 中英双语1班','一教502 一教502'),(15,'',100,1,2018,243,'微生物学实验 英文（秋季学期1-3周只退不补选）','一教225'),(16,'',100,1,2018,243,'微生物学实验 中英双语1班（秋季学期1-3周只退不补选）','一教226生物系实验室'),(17,'',100,1,2018,243,'微生物学实验 中英双语3班（秋季学期1-3周只退不补选）','一教226生物系实验室'),(18,'',100,1,2018,243,'微生物学实验 中英双语2班（秋季学期1-3周只退不补选）','一教225'),(19,'Peter Pimpl',100,1,2018,262,'细胞生物学 英文2班','一教501 一教501'),(20,'张严冬',100,1,2018,262,'细胞生物学 英文1班','一教502 一教502'),(21,'梁建生',100,1,2018,69,'植物生理学 中英双语2班','一教403 一教404'),(22,'郭红卫',100,1,2018,69,'植物生理学 中英双语1班','荔园1栋206 荔园1栋206'),(23,'王俊琦',100,1,2018,69,'植物生理学 中英双语3班','一教404 一教404'),(24,'',100,1,2018,57,'细胞生物学实验 中英双语1班（秋季学期1-3周只退不补选）','荔园1栋503生物实验室'),(25,'',100,1,2018,57,'细胞生物学实验 中英双语2班（秋季学期1-3周只退不补选）','荔园1栋503生物实验室'),(26,'',100,1,2018,57,'细胞生物学实验 英文班（秋季学期1-3周只退不补选）','荔园1栋503生物实验室'),(27,'',100,1,2018,267,'植物生理学实验 中英双语2班（秋季学期1-3周只退不补选）','一教225'),(28,'',100,1,2018,267,'植物生理学实验 中英双语1班（秋季学期1-3周只退不补选）','一教224'),(29,'谢宇聪',100,1,2018,210,'遗传学 英文','一教501 一教502'),(30,'靳文菲',100,1,2018,312,'计算生物学 中英双语','一教404 二教102机房'),(31,'宋学军',100,1,2018,21,'神经生物学 中英双语','一教501 一教501'),(32,'侯圣陶',100,1,2018,32,'动物生理学 英文班','一教302'),(33,'程龙珍',100,1,2018,32,'动物生理学 中英双语班','一教501 一教501'),(34,'',100,1,2018,101,'动物生理学实验 中英双语2班（秋季学期1-3周只退不补选）','荔园1栋502生物实验室'),(35,'',100,1,2018,101,'动物生理学实验 中英双语1班（秋季学期1-3周只退不补选）','荔园1栋504生物实验室'),(36,'',100,1,2018,101,'动物生理学实验 英文（秋季学期1-3周只退不补选）','荔园1栋502生物实验室'),(37,'肖波',100,1,2018,166,'神经胶质细胞生物学 中英双语','一教301'),(38,'',100,1,2018,46,'分子微生物学实验 中英双语2班（秋季学期1-3周只退不补选）','一教226生物系实验室'),(39,'',100,1,2018,46,'分子微生物学实验 中英双语1班（秋季学期1-3周只退不补选）','一教226生物系实验室'),(40,'侯春晖',100,1,2018,228,'基因工程学 英文','荔园6栋407'),(41,'侯春晖',100,1,2018,302,'免疫学 英文','荔园6栋403 荔园6栋403'),(42,'王冠宇',100,1,2018,271,'生物动力系统模拟 英文','一教305 一教306'),(43,'郭琼玉',100,1,2018,318,'定量生理学（一） 中英双语','一教401 一教402'),(44,'陈放怡 吴长锋 唐斌',100,1,2018,261,'生物医学工程（一） 中英双语','一教404 一教404'),(45,'奚磊',100,1,2018,52,'医学影像系统原理 中英双语','一教403 一教403'),(46,'彭诚',100,1,2018,259,'生物医学工程实验（一） 中英双语','荔园6栋503生物医学工程实验室 荔园6栋503生物医学工程实验室'),(47,'权泽卫',100,1,2018,90,'化学原理 A 中英双语3班','荔园1栋203 荔园1栋203'),(48,'许宗祥',100,1,2018,90,'化学原理 A 中英双语1班','荔园1栋201 荔园1栋201'),(49,'张元竹',100,1,2018,90,'化学原理 A 中英双语4班','荔园1栋203 荔园1栋203'),(50,'郑智平',100,1,2018,90,'化学原理 A 英文班','荔园1栋201 荔园1栋201'),(51,'钟龙华',100,1,2018,90,'化学原理 A 中英双语2班','一教108 一教108'),(52,'郭旭岗',100,1,2018,193,'化学原理 B 英文班','一教107 一教111'),(53,'蒋伟',100,1,2018,193,'化学原理 B 中英双语2班','一教110 一教110'),(54,'舒伟',100,1,2018,193,'化学原理 B 中英双语3班','荔园1栋101 荔园1栋101'),(55,'谭斌',100,1,2018,193,'化学原理 B 中英双语1班','荔园2栋102 荔园2栋102'),(56,'王春燕 刘华伟',100,1,2018,254,'化学原理实验A 中英双语1班','一教525化学原理实验室'),(57,'王春燕 刘华伟',100,1,2018,254,'化学原理实验A 中英双语2班','一教526化学原理实验室'),(58,'何川',100,1,2018,70,'有机化学I 英文班','荔园2栋202 荔园2栋202'),(59,'徐晨',100,1,2018,70,'有机化学I 中英双语2班','荔园2栋206 荔园2栋206'),(60,'李鹏飞',100,1,2018,70,'有机化学I 中英双语1班','一教401 一教401'),(61,'田瑞军',100,1,2018,342,'分析化学 中英1班','一教302 一教302'),(62,'谢小江',100,1,2018,342,'分析化学 中英2班','一教405 一教405'),(63,'李晓华',100,1,2018,163,'分析化学实验 中文2班（秋季学期1-3周只退不补选）','荔园1栋307化学实验室'),(64,'李晓华',100,1,2018,163,'分析化学实验 中文1班（秋季学期1-3周只退不补选）','荔园1栋305化学实验室'),(65,'陆为',100,1,2018,26,'无机化学导论 中英双语','一教506 一教506'),(66,'黄立民',100,1,2018,264,'物理化学I 英文班','荔园2栋201 荔园2栋201'),(67,'汤小菊 何绮婷 颜瑷珲',100,1,2018,91,'物理化学实验 中文2班（秋季学期1-3周只退不补选）','荔园1栋303化学实验室'),(68,'汤小菊 何绮婷 颜瑷珲',100,1,2018,91,'物理化学实验 中文1班（秋季学期1-3周只退不补选）','荔园1栋302化学实验室'),(69,'刘重阳',100,1,2018,25,'高级仪器系统的研发II 英文班','一教405'),(70,'房芳 于月娜',100,1,2018,92,'高等有机化学实验 秋季学期1-3周不退不补选','荔园1栋407化学实验室'),(71,'贾铁争',100,1,2018,112,'化学生物学 中英双语','荔园2栋206 荔园2栋206'),(72,'何凤',100,1,2018,156,'高分子化学 中英双语','荔园2栋306 荔园2栋306'),(73,'李闯创',100,1,2018,320,'药物化学 中文班','一教501 一教501'),(74,'何振宇 黄文忠 王春燕 刘华伟',100,1,2018,249,'高等无机化学实验 秋季学期1-3周不退不补选','荔园1栋403化学实验室'),(75,'房芳 于月娜 何凤',100,1,2018,245,'高分子化学实验 秋季学期1-3周不退不补选','荔园1栋407化学实验室'),(76,'叶青',100,1,2018,111,'元素有机化学 中英双语','荔园2栋309'),(77,'段乐乐',100,1,2018,208,'杂环化学 中英双语','荔园2栋309 荔园2栋309'),(78,'何振宇',100,1,2018,175,'现代策略合成中的金属有机化学 英文班','一教301'),(79,'刘心元',100,1,2018,61,'现代策略合成中的高等有机化学 中英双语','荔园6栋405'),(80,'',100,1,2018,203,'计算化学 中文班','一教401 二教205机房'),(81,'陈忠仁',100,1,2018,333,'化工原理 中英双语','一教402 一教402'),(82,'房芳 汪君 于月娜',100,1,2018,123,'化妆品化学与配方 中英双语','一教404 荔园1栋407化学实验室'),(83,'任珂',100,1,2018,217,'基础汉语 I 中英1班','一教204 一教204'),(84,'NatalieFerguson',100,1,2018,253,'SUSTech EnglishI 英文6班','一教410 一教410'),(85,'董蓉蓉',100,1,2018,253,'SUSTech EnglishI 英文9班','一教308 一教308'),(86,'NatalieFerguson',100,1,2018,253,'SUSTech EnglishI 英文7班','一教410 一教410'),(87,'董蓉蓉',100,1,2018,253,'SUSTech EnglishI 英文10班','一教307 一教307'),(88,'董蓉蓉',100,1,2018,253,'SUSTech EnglishI 英文8班','一教308 一教308'),(89,'柳青',100,1,2018,253,'SUSTech EnglishI 英文1班','一教307 一教307'),(90,'NatalieFerguson',100,1,2018,253,'SUSTech EnglishI 英文4班','一教410 一教410'),(91,'柳青',100,1,2018,253,'SUSTech EnglishI 英文2班','一教307 一教307'),(92,'NatalieFerguson',100,1,2018,253,'SUSTech EnglishI 英文5班','一教410 一教410'),(93,'柳青',100,1,2018,253,'SUSTech EnglishI 英文3班','一教308 一教308'),(94,'CLETBA2',100,1,2018,322,'SUSTech EnglishII 英文26班','一教407 一教407'),(95,'CLETBA3',100,1,2018,322,'SUSTech EnglishII 英文30班','一教507 一教507'),(96,'JesseCancelmo IV',100,1,2018,322,'SUSTech EnglishII 英文14班','一教310 一教310'),(97,'喻永阳',100,1,2018,322,'SUSTech EnglishII 英文22班','一教309 一教309'),(98,'张新婷',100,1,2018,322,'SUSTech EnglishII 英文3班','一教307 一教307'),(99,'CLETBA2',100,1,2018,322,'SUSTech EnglishII 英文27班','一教407 一教407'),(100,'CLETBA3',100,1,2018,322,'SUSTech EnglishII 英文28班','一教507 一教507'),(101,'CLETBA6',100,1,2018,322,'SUSTech EnglishII 英文6班','一教309 一教309'),(102,'JesseCancelmo IV',100,1,2018,322,'SUSTech EnglishII 英文15班','一教310 一教310'),(103,'KentPatterson',100,1,2018,322,'SUSTech EnglishII 英文7班','一教411 一教411'),(104,'StephenPellerine',100,1,2018,322,'SUSTech EnglishII 英文19班','一教311 一教311'),(105,'喻永阳',100,1,2018,322,'SUSTech EnglishII 英文23班','一教308 一教308'),(106,'CLETBA7',100,1,2018,322,'SUSTech EnglishII 英文11班','一教407 一教407'),(107,'KentPatterson',100,1,2018,322,'SUSTech EnglishII 英文10班','一教411 一教411'),(108,'StephenPellerine',100,1,2018,322,'SUSTech EnglishII 英文18班','一教409 一教409'),(109,'CLETBA2',100,1,2018,322,'SUSTech EnglishII 英文24班','一教407 一教407'),(110,'CLETBA6',100,1,2018,322,'SUSTech EnglishII 英文4班','一教309 一教309'),(111,'JesseCancelmo IV',100,1,2018,322,'SUSTech EnglishII 英文12班','一教310 一教310'),(112,'StephenPellerine',100,1,2018,322,'SUSTech EnglishII 英文16班','一教311 一教311'),(113,'CLETBA3',100,1,2018,322,'SUSTech EnglishII 英文29班','一教507 一教507'),(114,'CLETBA6',100,1,2018,322,'SUSTech EnglishII 英文5班','一教309 一教309'),(115,'KentPatterson',100,1,2018,322,'SUSTech EnglishII 英文8班','一教411 一教411'),(116,'StephenPellerine',100,1,2018,322,'SUSTech EnglishII 英文17班','一教311 一教311'),(117,'喻永阳',100,1,2018,322,'SUSTech EnglishII 英文20班','一教308 一教308'),(118,'张新婷',100,1,2018,322,'SUSTech EnglishII 英文2班','一教408 一教408'),(119,'CLETBA2',100,1,2018,322,'SUSTech EnglishII 英文25班','一教407 一教407'),(120,'CLETBA3',100,1,2018,322,'SUSTech EnglishII 英文31班','一教507 一教507'),(121,'JesseCancelmo IV',100,1,2018,322,'SUSTech EnglishII 英文13班','一教310 一教310'),(122,'KentPatterson',100,1,2018,322,'SUSTech EnglishII 英文9班','一教411 一教411'),(123,'喻永阳',100,1,2018,322,'SUSTech EnglishII 英文21班','一教309 一教309'),(124,'张新婷',100,1,2018,322,'SUSTech EnglishII 英文1班','一教408 一教408'),(125,'AllisonDansie',100,1,2018,153,'SUSTech EnglishIII 英文1班','一教307 一教307'),(126,'CLETBA8',100,1,2018,153,'SUSTech EnglishIII 英文6班','一教308 一教308'),(127,'CLETBA12',100,1,2018,153,'SUSTech EnglishIII 英文20班','一教409 一教409'),(128,'CLETBA4',100,1,2018,153,'SUSTech EnglishIII 英文16班','一教311 一教311'),(129,'刘丽莎',100,1,2018,153,'SUSTech EnglishIII 英文12班','一教408 一教408'),(130,'CLETBA12',100,1,2018,153,'SUSTech EnglishIII 英文21班','一教409 一教409'),(131,'刘丽莎',100,1,2018,153,'SUSTech EnglishIII 英文13班','一教408 一教408'),(132,'CLETBA8',100,1,2018,153,'SUSTech EnglishIII 英文5班','一教308 一教308'),(133,'CLETBA9',100,1,2018,153,'SUSTech EnglishIII 英文9班','一教309 一教309'),(134,'CLETBA4',100,1,2018,153,'SUSTech EnglishIII 英文17班','一教410 一教410'),(135,'AllisonDansie',100,1,2018,153,'SUSTech EnglishIII 英文2班','一教307 一教307'),(136,'CLETBA9',100,1,2018,153,'SUSTech EnglishIII 英文10班','一教309 一教309'),(137,'AllisonDansie',100,1,2018,153,'SUSTech EnglishIII 英文3班','一教307 一教307'),(138,'CLETBA8',100,1,2018,153,'SUSTech EnglishIII 英文7班','一教308 一教308'),(139,'CLETBA8',100,1,2018,153,'SUSTech EnglishIII 英文4班','一教308 一教308'),(140,'CLETBA9',100,1,2018,153,'SUSTech EnglishIII 英文8班','一教409 一教409'),(141,'CLETBA12',100,1,2018,153,'SUSTech EnglishIII 英文19班','一教409 一教409'),(142,'刘丽莎',100,1,2018,153,'SUSTech EnglishIII 英文11班','一教408 一教408'),(143,'CLETBA12',100,1,2018,153,'SUSTech EnglishIII 英文18班','一教409 一教409'),(144,'CLETBA4',100,1,2018,153,'SUSTech EnglishIII 英文15班','一教407 一教407'),(145,'CLETBA4',100,1,2018,153,'SUSTech EnglishIII 英文14班','一教311 一教311'),(146,'PamelaMansutti',100,1,2018,22,'二十世纪电影 英文1班','一教307'),(147,'任珂',100,1,2018,4,'中级汉语I 中文1班','一教204 一教204'),(148,'任珂',100,1,2018,4,'中级汉语I 中文3班','一教204 一教204'),(149,'任珂',100,1,2018,4,'中级汉语I 中文2班','一教204 一教204'),(150,'Albert Evans',100,1,2018,113,'EAP 英文7班','一教310'),(151,'CLETBA10',100,1,2018,113,'EAP 英文29班','一教311'),(152,'MatthewJellick',100,1,2018,113,'EAP 英文1班','一教407'),(153,'褚彧',100,1,2018,113,'EAP 英文15班','一教408'),(154,'Albert Evans',100,1,2018,113,'EAP 英文8班','一教310'),(155,'CLETBA10',100,1,2018,113,'EAP 英文23班','一教311'),(156,'褚彧',100,1,2018,113,'EAP 英文16班','一教408'),(157,'Albert Evans',100,1,2018,113,'EAP 英文9班','一教410'),(158,'MatthewJellick',100,1,2018,113,'EAP 英文2班','一教407'),(159,'褚彧',100,1,2018,113,'EAP 英文14班','一教408'),(160,'CLETBA9',100,1,2018,113,'EAP 英文30班','一教309'),(161,'MatthewJellick',100,1,2018,113,'EAP 英文3班','一教407'),(162,'褚彧',100,1,2018,113,'EAP 英文17班','一教408'),(163,'CLETBA10',100,1,2018,113,'EAP 英文25班','一教311'),(164,'MatthewJellick',100,1,2018,113,'EAP 英文4班','一教407'),(165,'褚彧',100,1,2018,113,'EAP 英文18班','一教408'),(166,'Albert Evans',100,1,2018,113,'EAP 英文11班','一教310'),(167,'CLETBA10',100,1,2018,113,'EAP 英文26班','一教311'),(168,'褚彧',100,1,2018,113,'EAP 英文19班','一教408'),(169,'Albert Evans',100,1,2018,113,'EAP 英文12班','一教310'),(170,'CLETBA10',100,1,2018,113,'EAP 英文27班','一教311'),(171,'MatthewJellick',100,1,2018,113,'EAP 英文5班','一教407'),(172,'褚彧',100,1,2018,113,'EAP 英文20班','一教408'),(173,'Albert Evans',100,1,2018,113,'EAP 英文13班','一教310'),(174,'CLETBA10',100,1,2018,113,'EAP 英文28班','一教311'),(175,'CLETBA9',100,1,2018,113,'EAP 英文31班','一教309'),(176,'褚彧',100,1,2018,113,'EAP 英文21班','一教408'),(177,'Albert Evans',100,1,2018,113,'EAP 英文6班','一教310'),(178,'CLETBA10',100,1,2018,113,'EAP 英文22班','一教311'),(179,'CLETBA10',100,1,2018,113,'EAP 英文24班','一教411'),(180,'Albert Evans',100,1,2018,113,'EAP 英文10班','一教310'),(181,'AllisonDansie',100,1,2018,134,'科幻小说中的科学 英文1班','一教411'),(182,'AllisonDansie',100,1,2018,134,'科幻小说中的科学 英文2班','一教307'),(183,'程京德',100,1,2018,214,'计算机导论A 英文班','荔园1栋201'),(184,'程京德',100,1,2018,78,'计算机导论B 中英双语班','荔园1栋102'),(185,'程京德',100,1,2018,78,'计算机导论B 英文班','一教110'),(186,'何明昕 朱悦铭',100,1,2018,298,'计算机程序设计基础A 英文班-实验1班','荔园1栋201 荔园6栋402机房'),(187,'何明昕 朱悦铭',100,1,2018,298,'计算机程序设计基础A 英文班-实验2班（国际生）','荔园1栋201 荔园6栋402机房'),(188,'何明昕 赵耀',100,1,2018,298,'计算机程序设计基础A 中英双语1班-实验3班','荔园6栋406机房 荔园1栋101'),(189,'何明昕 赵耀',100,1,2018,298,'计算机程序设计基础A 中英双语2班-实验5班','荔园1栋101 荔园6栋402机房'),(190,'何明昕 朱悦铭',100,1,2018,298,'计算机程序设计基础A 中英双语2班-实验6班','荔园1栋101 荔园6栋404机房'),(191,'何明昕 赵耀',100,1,2018,298,'计算机程序设计基础A 中英双语1班-实验4班','荔园1栋101 荔园6栋402机房'),(192,'刘烨庞',100,1,2018,76,'计算机程序设计基础B 英文班-实验1班','荔园1栋102 荔园6栋402机房'),(193,'',100,1,2018,76,'计算机程序设计基础B 英文班-实验2班','荔园1栋102 荔园6栋406机房'),(194,'沈昀 唐博',100,1,2018,16,'数据结构与算法分析 英文-实验4班（选择计算机专业的学生修读）','荔园1栋102 荔园6栋409机房'),(195,'唐博',100,1,2018,16,'数据结构与算法分析 英文-实验1班（国际生）（选择计算机专业的学生修读）','荔园1栋102 荔园6栋406机房'),(196,'沈昀 唐博',100,1,2018,16,'数据结构与算法分析 英文-实验2班（选择计算机专业的学生修读）','荔园1栋102 荔园6栋402机房'),(197,'沈昀 唐博',100,1,2018,16,'数据结构与算法分析 英文-实验3班（选择计算机专业的学生修读）','荔园1栋102 荔园6栋402机房'),(198,'',100,1,2018,16,'数据结构与算法分析 中英双语班-实验5班（选择计算机专业的学生修读）','荔园6栋403 荔园6栋406机房'),(199,'胡春风 骆宗伟',100,1,2018,161,'数据结构与算法分析B 英文班-实验4班（建议选择非计算机专业学生修读）','荔园1栋102 荔园6栋409机房'),(200,'胡春风 骆宗伟',100,1,2018,161,'数据结构与算法分析B 英文班-实验2班（建议选择非计算机专业学生修读）','荔园1栋102 荔园6栋408机房'),(201,'骆宗伟',100,1,2018,161,'数据结构与算法分析B 英文班-实验英文1班（建议选择非计算机专业学生修读）','荔园1栋102 荔园6栋409机房'),(202,'胡春风 骆宗伟',100,1,2018,161,'数据结构与算法分析B 英文班-实验3班（建议选择非计算机专业学生修读）','荔园1栋102 荔园6栋409机房'),(203,'吴冀衍',100,1,2018,116,'C/C++程序设计 英文班','荔园1栋205 二教205机房'),(204,'GeorgiosTheodoropoulos',100,1,2018,230,'数字逻辑 英文1班-实验1班','荔园2栋102 荔园6栋408机房'),(205,'GeorgiosTheodoropoulos  王薇',100,1,2018,230,'数字逻辑 英文1班-实验2班','荔园2栋102 荔园6栋402机房'),(206,'GeorgiosTheodoropoulos  王薇',100,1,2018,230,'数字逻辑 英文1班-实验3班','荔园2栋102 荔园6栋402机房'),(207,'GeorgiosTheodoropoulos',100,1,2018,230,'数字逻辑 英文2班-实验4班','荔园6栋403 荔园6栋408机房'),(208,'Elvis Sze-Yeung Liu',100,1,2018,106,'计算机系统设计及应用A 英文班','荔园6栋403 荔园6栋409机房'),(209,'史玉回',100,1,2018,109,'嵌入式系统与微机原理 中英双语-实验1班','荔园2栋102 荔园6栋408机房'),(210,'胡春风 史玉回',100,1,2018,109,'嵌入式系统与微机原理 中英双语-实验2班','荔园2栋102 荔园6栋406机房'),(211,'胡春风 史玉回',100,1,2018,109,'嵌入式系统与微机原理 中英双语-实验3班','荔园2栋102 荔园6栋406机房'),(212,'唐珂',100,1,2018,29,'人工智能 英文班-实验英文1班（选择计算机专业学生修读）','荔园1栋101 荔园6栋402机房'),(213,'唐珂 赵耀',100,1,2018,29,'人工智能 英文班-实验2班（选择计算机专业学生修读）','荔园1栋101 荔园6栋402机房'),(214,'唐珂 赵耀',100,1,2018,29,'人工智能 英文班-实验3班（选择计算机专业学生修读）','荔园1栋101 荔园6栋402机房'),(215,'Adam Ghandar',100,1,2018,1,'人工智能B 英文班（建议选择非计算机专业学生修读）','荔园1栋205 荔园6栋406机房'),(216,'王薇 张进',100,1,2018,104,'计算机网络 英文班-实验3班（选择计算机专业或通信工程专业学生修读）','荔园1栋101 二教205机房'),(217,'张进',100,1,2018,104,'计算机网络 英文班-实验1班（国际生）（选择计算机专业或通信工程专业学生修读）','荔园1栋101 二教205机房'),(218,'王薇 张进',100,1,2018,104,'计算机网络 英文班-实验2班（选择计算机专业或通信工程专业学生修读）','荔园1栋101 二教205机房'),(219,'王薇',100,1,2018,229,'计算机网络B 英文班-实验2班（建议选择非计算机专业和非通信工程专业学生修读）','荔园2栋102 二教205机房'),(220,'',100,1,2018,229,'计算机网络B 英文班-实验1班（建议选择非计算机专业和非通信工程专业学生修读）','荔园2栋102 二教205机房'),(221,'张煜群',100,1,2018,202,'面向对象分析与设计 英文班-实验英文1班','荔园1栋101 荔园6栋406机房'),(222,'张煜群 朱悦铭',100,1,2018,202,'面向对象分析与设计 英文班-实验3班','荔园1栋101 荔园6栋404机房'),(223,'张煜群 朱悦铭',100,1,2018,202,'面向对象分析与设计 英文班-实验2班','荔园1栋101 荔园6栋409机房'),(224,'刘烨庞',100,1,2018,328,'计算机科学与技术前沿讲座I 英文班','一教107'),(225,'郝祁',100,1,2018,160,'计算机科学创新实验I 中英双语班',''),(226,'郝祁',100,1,2018,14,'机器学习 中英双语班','荔园6栋403 荔园6栋404机房'),(227,'杨双华',100,1,2018,51,'高级计算机网络与大数据 中英双语班','一教401 荔园6栋406机房'),(228,'Shin Hwei Tan',100,1,2018,167,'软件测试 英文班','荔园6栋403 荔园6栋402机房'),(229,'刘烨庞',100,1,2018,99,'计算机科学与技术前沿讲座 III 中英双语班','一教107'),(230,'郝祁',100,1,2018,289,'计算机科学创新实验III 中英双语班',''),(231,'HisaoIshibuchi',100,1,2018,337,'高级算法 英文班','荔园6栋402机房 荔园6栋403'),(232,'姚新',100,1,2018,44,'高级人工智能 中英双语班','荔园6栋403 荔园6栋406机房'),(233,'Jae Kyu LEE',100,1,2018,24,'电子商务 英文班','一教306'),(234,'叶涛',100,1,2018,11,'电路基础 英文班','荔园2栋203'),(235,'叶涛',100,1,2018,11,'电路基础 中文班','荔园2栋203'),(236,'张青峰',100,1,2018,285,'模拟电路 中文2班','荔园2栋101 荔园2栋101'),(237,'张青峰',100,1,2018,285,'模拟电路 中文1班','荔园2栋101 荔园1栋203'),(238,'张利君',100,1,2018,81,'模拟电路实验 英文班','一教125电子系实验室'),(239,'王小静',100,1,2018,81,'模拟电路实验 中文2班','一教125电子系实验室'),(240,'张利君',100,1,2018,81,'模拟电路实验 中文1班','一教125电子系实验室'),(241,'王小静',100,1,2018,81,'模拟电路实验 中文3班','一教125电子系实验室'),(242,'虞亚军',100,1,2018,38,'数字电路 英文班','荔园1栋206 荔园1栋206'),(243,'庞利会',100,1,2018,127,'数字电路实验 英文班','一教125电子系实验室'),(244,'崔德虎',100,1,2018,73,'固态电子学 中英双语班','荔园1栋102 荔园1栋101'),(245,'陈锐',100,1,2018,73,'固态电子学 英文班','荔园1栋101 荔园1栋101'),(246,'王锐 吴光',100,1,2018,306,'信号和系统 中英双语3班','荔园2栋201 荔园6栋409机房'),(247,'陈放怡 吴光',100,1,2018,306,'信号和系统 中英双语4班','荔园2栋202 荔园6栋409机房'),(248,'陈霏 彭诚',100,1,2018,306,'信号和系统 中英双语1班','荔园2栋201 荔园6栋408机房'),(249,'陈霏 彭诚',100,1,2018,306,'信号和系统 中英双语2班','荔园2栋201 荔园6栋408机房'),(250,'余浩',100,1,2018,201,'现代电子科学与技术前沿讲座I 中英双语班',''),(251,'罗丹 徐琳琳',100,1,2018,192,'光电子技术基础 中英双语1班','一教303 荔园6栋508电子系实验室'),(252,'罗丹 徐琳琳',100,1,2018,192,'光电子技术基础 中英双语2班','荔园6栋508电子系实验室 一教304'),(253,'詹陈长',100,1,2018,121,'集成电路设计 中英双语班','二教201机房 一教302'),(254,'汪飞 蒋苓利',100,1,2018,239,'集成电路工艺原理 英文2班-实验3班','一教304 二教201机房'),(255,'汪飞 蒋苓利',100,1,2018,239,'集成电路工艺原理 英文2班-实验4班','一教304 二教201机房'),(256,'汪飞 蒋苓利',100,1,2018,239,'集成电路工艺原理 英文1班-实验1班','一教303 二教201机房'),(257,'汪飞 蒋苓利',100,1,2018,239,'集成电路工艺原理 英文1班-实验2班','一教303 二教201机房'),(258,'刘毅军 程庆沙',100,1,2018,12,'天线与电波传播 英文班-实验1班','一教301 二教102机房'),(259,'刘毅军 程庆沙',100,1,2018,12,'天线与电波传播 英文班-实验2班','一教301 二教102机房'),(260,'张新海',100,1,2018,40,'半导体光学导论 中英双语班','一教405 一教405'),(261,'王恺 徐琳琳',100,1,2018,158,'光学设计 中文班','一教304 二教202电子系机房'),(262,'贡毅 吴光',100,1,2018,105,'无线通信 中英双语班-实验3班','一教406 二教202电子系机房'),(263,'贡毅 吴光',100,1,2018,105,'无线通信 中英双语班-实验1班','一教406 二教202电子系机房'),(264,'贡毅 吴光',100,1,2018,105,'无线通信 中英双语班-实验2班','一教406 二教202电子系机房'),(265,'刘言军',100,1,2018,235,'电子科学创新实验I 中英双语班',''),(266,'刘欢 于洪宇',100,1,2018,170,'集成电路工艺实践 中文班-实验3班','一教303 检测中心2楼'),(267,'刘欢 于洪宇',100,1,2018,170,'集成电路工艺实践 中文班-实验2班','一教303 检测中心2楼'),(268,'刘欢 于洪宇',100,1,2018,170,'集成电路工艺实践 中文班-实验1班','一教303 检测中心2楼'),(269,'庞利会 虞亚军',100,1,2018,50,'数字信号处理 英文班-实验1班','一教301 二教205机房'),(270,'庞利会 虞亚军',100,1,2018,50,'数字信号处理 英文班-实验2班','一教301 二教205机房'),(271,'程庆沙',100,1,2018,140,'非线性优化技术 英文班','一教401 二教202电子系机房'),(272,'张福才 徐琳琳',100,1,2018,54,'信息光学基础 中英双语班','一教305 二教202电子系机房'),(273,'刘言军',100,1,2018,314,'液晶光电子学 中英双语班','一教401 二科504'),(274,'Aung Ko KoKYAW',100,1,2018,242,'光伏基础 英文班','一教401 二科504'),(275,'潘权',100,1,2018,173,'模拟集成电路设计 中英双语班','一教503 二教202电子系机房'),(276,'蒋苓利',100,1,2018,39,'模拟集成电路版图设计 中英双语班','二教201机房'),(277,'余浩',100,1,2018,270,'集成电路前沿-微处理器设计 中英双语','一教302 荔园6栋402机房'),(278,'孙小卫 徐琳琳',100,1,2018,83,'光电仪器设计 中英双语','一教303 荔园6栋508电子系实验室'),(279,'刘召军',100,1,2018,246,'第三代半导体基础导论 中英双语','一教306 一教306'),(280,'余浩',100,1,2018,68,'现代电子科学与技术前沿讲座III 中英双语班',''),(281,'陈树明',100,1,2018,206,'显示与照明技术 中英双语班','一教306'),(282,'刘言军',100,1,2018,155,'电子科学创新实验III 中英双语班',''),(283,'王锐',100,1,2018,279,'信息论与编码 中英双语班','一教302'),(284,'程庆沙 刘毅军',100,1,2018,274,'通信系统设计II 中文班','荔园6栋408机房'),(285,'时紅建',100,1,2018,277,'图像与视频处理 英文班','一教401 二教201机房'),(286,'Jaewon Park',100,1,2018,191,'BioMEMS &#97;ndLab-on-a-Chip 英文班','一教401 一教401'),(287,'蹇林旎',100,1,2018,266,'现代电动汽车技术 中英双语班','荔园2栋101'),(288,'',100,1,2018,286,'科研创新项目 实践课',''),(289,'易树平',100,1,2018,150,'地球科学概论 中英双语班','荔园2栋203 荔园2栋203'),(290,'郑焰',100,1,2018,56,'环境学导论 英文','荔园2栋202'),(291,'史江红',100,1,2018,87,'环境工程原理 中文','荔园2栋309'),(292,'夏雨',100,1,2018,147,'环境微生物学 中英双语班','荔园6栋405 荔园6栋405'),(293,'邓保林',100,1,2018,293,'水处理工程 中英双语班','荔园6栋405 荔园6栋405'),(294,'熊鹰',100,1,2018,205,'环境科学与工程实验（一） 中文','荔园6栋504环境学院实验室'),(295,'叶斌',100,1,2018,258,'环境经济学 中英双语班','荔园2栋202 荔园2栋202'),(296,'裘文慧 熊鹰',100,1,2018,63,'环境微生物实验 中文',''),(297,'Luke Gibson',100,1,2018,179,'生态学概论 英文','荔园6栋405 荔园6栋405'),(298,'',100,1,2018,244,'气象气候学 中英双语班','荔园1栋206 荔园1栋206'),(299,'田勇',100,1,2018,33,'地理信息系统与遥感应用 中文',''),(300,'史江红',100,1,2018,313,'科技成果表达 中文','荔园1栋205'),(301,'郭雨蓉 张娟',100,1,2018,20,'中国环境管理的理论与实践 中文','荔园1栋205'),(302,'刘崇炫',100,1,2018,67,'污染物运移过程 中英双语','荔园2栋206 荔园2栋206'),(303,'李海龙',100,1,2018,131,'数值模拟方法基础 中文','荔园2栋207 荔园2栋207'),(304,'王扬',100,1,2018,256,'城市规划导论 中英文','荔园2栋209'),(305,'WONG MINGHUNG',100,1,2018,241,'生态修复 英文','荔园6栋403 荔园6栋403'),(306,'何鑫',100,1,2018,27,'流域水文模拟 中英双语',''),(307,'胡清 史江红',100,1,2018,198,'创新设计课程 中文','一教402 一教402'),(308,'郑一 熊鹰',100,1,2018,183,'创新设计课程（水资源） 中文','一教303 一教303'),(309,'陈晓非',100,1,2018,133,'地球与空间科学导论 中英双语班','荔园2栋302 荔园2栋302'),(310,'张伟',100,1,2018,65,'地球物理学基础I（地震学原理） 中英双语班','荔园2栋309 荔园2栋309'),(311,'任恒鑫',100,1,2018,260,'地球物理学基础II（地磁地电地热和重力） 中英双语班','荔园2栋309 荔园2栋309'),(312,'方鑫定',100,1,2018,299,'连续介质力学基础 中英双语班','荔园2栋302 荔园2栋302'),(313,'刘凯军',100,1,2018,213,'等离子体物理基础 中英双语班','荔园2栋302 荔园2栋302'),(314,'陈斌',100,1,2018,227,'地球化学 中英双语班','荔园2栋309'),(315,'杨旭宁',100,1,2018,224,'金融科技案例分析II 中英双语班','荔园1栋102'),(316,'王赫',100,1,2018,295,'金融风险管理 英文班','荔园2栋205 荔园2栋205'),(317,'刘鲁川',100,1,2018,41,'人工智能与博弈论 中英双语班','荔园2栋205 荔园2栋205'),(318,'杜巨澜',100,1,2018,165,'微观经济学 中英双语2班','一教110 一教110'),(319,'王新杰',100,1,2018,165,'微观经济学 英文班','荔园1栋205 荔园1栋205'),(320,'杜巨澜',100,1,2018,165,'微观经济学 中英双语1班','一教108 一教108'),(321,'刘春晖',100,1,2018,319,'财务会计 英文班','荔园2栋202 荔园2栋202'),(322,'赖舒芳',100,1,2018,319,'财务会计 中英双语班','荔园2栋101 荔园2栋101'),(323,'何佳',100,1,2018,178,'金融与创业前沿论坛I 中文班','一教107'),(324,'王新杰',100,1,2018,196,'金融市场与金融机构及其监管体系 中英双语班','荔园1栋201 荔园2栋205'),(325,'严硕',100,1,2018,196,'金融市场与金融机构及其监管体系 英文班','荔园2栋202 荔园2栋202'),(326,'刘鲁川',100,1,2018,103,'创业金融I 中英双语班','荔园2栋205 荔园2栋205'),(327,'赖舒芳',100,1,2018,171,'财务报表分析 英文班','荔园2栋205 荔园2栋205'),(328,'栗沛沛',100,1,2018,7,'金融投资概论 中英双语班','荔园2栋205 荔园2栋205'),(329,'栗沛沛',100,1,2018,7,'金融投资概论 英文班','荔园2栋205 荔园2栋205'),(330,'伍继松',100,1,2018,117,'计量经济学 英文班','荔园2栋206 荔园2栋206'),(331,'孙便霞',100,1,2018,117,'计量经济学 中英双语班','荔园2栋205 荔园2栋205'),(332,'孙便霞',100,1,2018,126,'金融时间序列分析 中英双语班','荔园2栋207 荔园2栋207'),(333,'陈琨',100,1,2018,250,'数据库管理与金融应用 英文班','荔园2栋205 二教102机房'),(334,'伍继松',100,1,2018,300,'计算金融 中英双语班','荔园6栋407 荔园6栋407'),(335,'王赫',100,1,2018,268,'投资银行 中英双语班','荔园2栋205 荔园2栋205'),(336,'杨招军',100,1,2018,168,'金融建模与定价分析 中英双语班','荔园2栋201 荔园2栋201'),(337,'严硕',100,1,2018,94,'国际金融 中英双语班','荔园2栋206'),(338,'周倜',100,1,2018,255,'量化投资分析 中英双语班','荔园1栋205 荔园1栋206'),(339,'杨旭宁',100,1,2018,207,'公司金融案例分析 中文班','荔园2栋205 荔园1栋203'),(340,'杨燕',100,1,2018,151,'证券投资 中英双语班','一教305 一教305'),(341,'曾萍萍',100,1,2018,247,'金融风险管理 中英双语班','一教305 一教305'),(342,'孙志凤',100,1,2018,141,'心理学 中文2班','一教405'),(343,'孙志凤',100,1,2018,141,'心理学 中文1班','一教405'),(344,'孙颜',100,1,2018,125,'体育I 基础课10班','田径场'),(345,'体育外聘教师',100,1,2018,125,'体育I 基础课12班','田径场'),(346,'魏伟成',100,1,2018,125,'体育I 基础课11班','田径场'),(347,'孙颜',100,1,2018,125,'体育I 基础课13班','田径场'),(348,'体育外聘教师',100,1,2018,125,'体育I 基础课15班','田径场'),(349,'魏伟成',100,1,2018,125,'体育I 基础课14班','田径场'),(350,'孙颜',100,1,2018,125,'体育I 基础课16班','田径场'),(351,'体育外聘教师',100,1,2018,125,'体育I 基础课18班','田径场'),(352,'魏伟成',100,1,2018,125,'体育I 基础课17班','田径场'),(353,'孙颜',100,1,2018,125,'体育I 基础课19班','田径场'),(354,'体育外聘教师',100,1,2018,125,'体育I 基础课21班','田径场'),(355,'魏伟成',100,1,2018,125,'体育I 基础课20班','田径场'),(356,'体育外聘教师',100,1,2018,125,'体育I 基础课23班','田径场'),(357,'体育外聘教师',100,1,2018,125,'体育I 基础课24班','田径场'),(358,'赵飞',100,1,2018,125,'体育I 基础课22班','田径场'),(359,'孙颜',100,1,2018,125,'体育I 基础课25班','田径场'),(360,'体育外聘教师',100,1,2018,125,'体育I 基础课27班','田径场'),(361,'魏伟成',100,1,2018,125,'体育I 基础课26班','田径场'),(362,'孙颜',100,1,2018,125,'体育I 基础课28班','田径场'),(363,'体育外聘教师',100,1,2018,125,'体育I 基础课30班','田径场'),(364,'魏伟成',100,1,2018,125,'体育I 基础课29班','田径场'),(365,'体育外聘教师',100,1,2018,125,'体育I 基础课33班','田径场'),(366,'体育外聘教师',100,1,2018,125,'体育I 基础课32班','田径场'),(367,'赵飞',100,1,2018,125,'体育I 基础课31班','田径场'),(368,'体育外聘教师',100,1,2018,125,'体育I 基础课36班','田径场'),(369,'体育外聘教师',100,1,2018,125,'体育I 基础课35班','田径场'),(370,'赵飞',100,1,2018,125,'体育I 基础课34班','田径场'),(371,'体育外聘教师',100,1,2018,125,'体育I 基础课2班','田径场'),(372,'体育外聘教师',100,1,2018,125,'体育I 基础课3班','田径场'),(373,'赵飞',100,1,2018,125,'体育I 基础课1班','田径场'),(374,'体育外聘教师',100,1,2018,125,'体育I 基础课6班','田径场'),(375,'体育外聘教师',100,1,2018,125,'体育I 基础课5班','田径场'),(376,'赵飞',100,1,2018,125,'体育I 基础课4班','田径场'),(377,'体育外聘教师',100,1,2018,125,'体育I 基础课9班','田径场'),(378,'体育外聘教师',100,1,2018,125,'体育I 基础课8班','田径场'),(379,'赵飞',100,1,2018,125,'体育I 基础课7班','田径场'),(380,'王捷',100,1,2018,72,'市场营销管理 中文班','一教303'),(381,'王捷',100,1,2018,276,'创业管理 中文班','一教303'),(382,'董伦红',100,1,2018,186,'体育III 运动与体能1班','田径场'),(383,'白波',100,1,2018,186,'体育III 网球1班','网球场'),(384,'何紫琳',100,1,2018,186,'体育III 乒乓球3班','乒乓球馆'),(385,'赖莎',100,1,2018,186,'体育III 健美操1班','沿湖书院舞蹈房'),(386,'赵一品',100,1,2018,186,'体育III 足球3班','足球场'),(387,'侯思宇',100,1,2018,186,'体育III 排球1班','排球场'),(388,'赖莎',100,1,2018,186,'体育III 健美操2班','沿湖书院舞蹈房'),(389,'白波',100,1,2018,186,'体育III 网球2班','网球场'),(390,'董伦红',100,1,2018,186,'体育III 运动与体能2班','田径场'),(391,'侯思宇',100,1,2018,186,'体育III 排球2班','排球场'),(392,'赵一品',100,1,2018,186,'体育III 羽毛球1班','羽毛球场1'),(393,'何紫琳',100,1,2018,186,'体育III 乒乓球4班','乒乓球馆'),(394,'董伦红',100,1,2018,186,'体育III 羽毛球3班','羽毛球场1'),(395,'何紫琳',100,1,2018,186,'体育III 乒乓球5班','乒乓球馆'),(396,'赖莎',100,1,2018,186,'体育III 体育舞蹈3班','沿湖书院舞蹈房'),(397,'体育外聘教师',100,1,2018,186,'体育III 棒球','棒球场'),(398,'赵一品',100,1,2018,186,'体育III 羽毛球2班','羽毛球场1'),(399,'体育外聘教师',100,1,2018,186,'体育III 跆拳道','教工羽毛球场'),(400,'董伦红',100,1,2018,186,'体育III 羽毛球4班','羽毛球场1'),(401,'赖莎',100,1,2018,186,'体育III 体育舞蹈1班','沿湖书院舞蹈房'),(402,'赵一品',100,1,2018,186,'体育III 足球4班','足球场'),(403,'白波',100,1,2018,186,'体育III 网球3班','网球场'),(404,'侯思宇',100,1,2018,186,'体育III 篮球3班','篮球场'),(405,'体育外聘教师',100,1,2018,186,'体育III 定向越野','田径场'),(406,'白波',100,1,2018,186,'体育III 网球4班','网球场'),(407,'侯思宇',100,1,2018,186,'体育III 排球3班','排球场'),(408,'白波',100,1,2018,186,'体育III 网球5班','网球场'),(409,'赖莎',100,1,2018,186,'体育III 体育舞蹈2班','沿湖书院舞蹈房'),(410,'赖莎',100,1,2018,186,'体育III 健美操3班','沿湖书院舞蹈房'),(411,'白波',100,1,2018,186,'体育III 网球6班','网球场'),(412,'何紫琳',100,1,2018,186,'体育III 乒乓球1班','乒乓球馆'),(413,'何紫琳',100,1,2018,186,'体育III 乒乓球2班','乒乓球馆'),(414,'赵一品',100,1,2018,186,'体育III 足球1班','足球场'),(415,'何紫琳',100,1,2018,186,'体育III 乒乓球6班','乒乓球馆'),(416,'侯思宇',100,1,2018,186,'体育III 篮球1班','篮球场'),(417,'赵一品',100,1,2018,186,'体育III 足球2班','足球场'),(418,'侯思宇',100,1,2018,186,'体育III 篮球2班','篮球场'),(419,'张之沧',100,1,2018,2,'科学技术哲学 中文2班','一教404'),(420,'张之沧',100,1,2018,2,'科学技术哲学 中文1班','一教404'),(421,'马兰',100,1,2018,209,'生活教育 英文2班','一教403'),(422,'马兰',100,1,2018,209,'生活教育 中英双语1班','一教403'),(423,'张之沧',100,1,2018,89,'身体美学 中文班','一教403'),(424,'孙志凤',100,1,2018,98,'人格塑造十五讲 中文1班','一教405'),(425,'孙志凤',100,1,2018,98,'人格塑造十五讲 中文2班','一教404'),(426,'孙志凤',100,1,2018,98,'人格塑造十五讲 中文3班','一教404'),(427,'徐嗣群',100,1,2018,148,'沟通技巧 英文1班','一教407'),(428,'皮晟',100,1,2018,283,'乐理与视唱练耳 中文2班','一教506'),(429,'皮晟',100,1,2018,283,'乐理与视唱练耳 中文1班','一教506'),(430,'艺术中心外聘老师',100,1,2018,157,'西方音乐史 中文班','一教302'),(431,'柯娓 艺术中心外聘老师',100,1,2018,143,'美术鉴赏 中文班','一教302'),(432,'毕宝仪',100,1,2018,86,'艺术与科学大讲堂 中文班','教工之家'),(433,'纪涛',100,1,2018,294,'嗓音肌理及运用 中文2班','教工之家'),(434,'纪涛',100,1,2018,294,'嗓音肌理及运用 中文1班','教工之家'),(435,'纪涛',100,1,2018,45,'中国区域民歌 中文2班','教工之家'),(436,'纪涛',100,1,2018,45,'中国区域民歌 中文1班','教工之家'),(437,'皮晟',100,1,2018,10,'中国戏曲美学 中文1班','一教502'),(438,'皮晟',100,1,2018,10,'中国戏曲美学 中文2班','一教502'),(439,'孙光军',100,1,2018,132,'cubase软件运用与创编 中文班','荔园6栋404机房'),(440,'艺术中心外聘老师 柯娓',100,1,2018,115,'工笔花鸟 中文班','一教502'),(441,'艺术中心外聘老师',100,1,2018,308,'录音中的钢琴演奏艺术 中文班','教工之家'),(442,'赵建华',100,1,2018,119,'研究方法导论 中英双语','荔园1栋205'),(443,'李铭',100,1,2018,64,'深圳故事 中文班','一教405'),(444,'陈跃红',100,1,2018,95,'人文名家专题系列课程 中文班','一教108'),(445,'唐克扬',100,1,2018,136,'空间中的美术史 中文班','荔园2栋101'),(446,'李蓝',100,1,2018,49,'中文写作与语言认知（语言与语言学） 中文班','一教302'),(447,'人文外聘老师',100,1,2018,323,'《孙子兵法》与中国兵学文化 中文班','一教401'),(448,'吴岩',100,1,2018,35,'科幻：从小说到电影 中文班','一教107'),(449,'人文外聘老师',100,1,2018,75,'科幻创作 中文班','一教401'),(450,'人文外聘老师',100,1,2018,257,'先秦思想文化 中文班','一教403'),(451,'钱艾琳',100,1,2018,31,'走近《一千零一夜》 中文班','一教302'),(452,'人文外聘老师',100,1,2018,324,'朗读与演讲 中文班','一教506'),(453,'人文外聘老师',100,1,2018,197,'岭南文化与岭南方言 中文班','一教305'),(454,'吴岩',100,1,2018,23,'想象力入门 中文班','一教305'),(455,'人文外聘老师',100,1,2018,288,'科学与文明史概论 中文班','一教502'),(456,'人文外聘老师',100,1,2018,316,'新媒体艺术空间设计基础 中文班','一教306'),(457,'刘洋',100,1,2018,88,'写作与交流 中文7班','一教404'),(458,'杨果',100,1,2018,88,'写作与交流 中文4班','荔园2栋301'),(459,'杨莉',100,1,2018,88,'写作与交流 中文12班','一教401'),(460,'刘洋',100,1,2018,88,'写作与交流 中文8班','一教402'),(461,'人文外聘老师',100,1,2018,88,'写作与交流 中文14班','一教401'),(462,'钱艾琳',100,1,2018,88,'写作与交流 中文13班','荔园1栋202'),(463,'杨果',100,1,2018,88,'写作与交流 中文1班','荔园2栋301'),(464,'杨莉',100,1,2018,88,'写作与交流 中文9班','一教302'),(465,'刘洋',100,1,2018,88,'写作与交流 中文5班','一教404'),(466,'杨果',100,1,2018,88,'写作与交流 中文2班','荔园2栋301'),(467,'杨莉',100,1,2018,88,'写作与交流 中文10班','一教402'),(468,'刘洋',100,1,2018,88,'写作与交流 中文6班','一教405'),(469,'杨果',100,1,2018,88,'写作与交流 中文3班','荔园2栋301'),(470,'杨莉',100,1,2018,88,'写作与交流 中文11班','一教402'),(471,'刘科',100,1,2018,273,'创新创业大讲堂 中文班','一科报告厅'),(472,'张冬',100,1,2018,340,'机电系统设计与创新实践 中文班','创园1栋1楼青创空间'),(473,'张冬',100,1,2018,329,'创业思维与实践 中文班','创园1栋1楼青创空间'),(474,'创新创业学院外聘老师',100,1,2018,97,'整合与创新设计 中英双语班','一教405'),(475,'祖嘉合',100,1,2018,84,'思想道德修养与法律基础 中文1班','荔园1栋101'),(476,'祖嘉合',100,1,2018,84,'思想道德修养与法律基础 中文2班','荔园2栋101'),(477,'祖嘉合',100,1,2018,84,'思想道德修养与法律基础 中文3班','荔园1栋101'),(478,'帅松林',100,1,2018,84,'思想道德修养与法律基础 中文4班','荔园2栋102'),(479,'帅松林',100,1,2018,84,'思想道德修养与法律基础 中文5班','荔园2栋102'),(480,'帅松林',100,1,2018,84,'思想道德修养与法律基础 中文6班','荔园2栋102'),(481,'',100,1,2018,71,'马克思主义基本原理概论 中文4班','荔园2栋307'),(482,'',100,1,2018,71,'马克思主义基本原理概论 中文5班','荔园2栋307'),(483,'',100,1,2018,71,'马克思主义基本原理概论 中文6班','荔园2栋308'),(484,'',100,1,2018,71,'马克思主义基本原理概论 中文7班','荔园2栋306'),(485,'',100,1,2018,71,'马克思主义基本原理概论 中文8班','荔园2栋306'),(486,'张守民',100,1,2018,71,'马克思主义基本原理概论 中文1班','荔园1栋203'),(487,'张守民',100,1,2018,71,'马克思主义基本原理概论 中文2班','荔园1栋203'),(488,'张守民',100,1,2018,71,'马克思主义基本原理概论 中文3班','荔园1栋203'),(489,'乐正',100,1,2018,225,'中国近现代史纲要 中文4班','荔园1栋102'),(490,'乐正',100,1,2018,225,'中国近现代史纲要 中文5班','荔园1栋102'),(491,'李翔',100,1,2018,225,'中国近现代史纲要 中文3班','荔园2栋101'),(492,'李翔',100,1,2018,225,'中国近现代史纲要 中文1班','荔园1栋101'),(493,'李翔',100,1,2018,225,'中国近现代史纲要 中文2班','荔园2栋101'),(494,'张涛',100,1,2018,222,'毛泽东思想和中国特色社会主义理论体系概论 中文2班','荔园1栋102 荔园1栋102'),(495,'张涛',100,1,2018,222,'毛泽东思想和中国特色社会主义理论体系概论 中文1班','荔园1栋201 荔园1栋201'),(496,'张涛',100,1,2018,222,'毛泽东思想和中国特色社会主义理论体系概论 中文3班','荔园1栋101 荔园1栋101'),(497,'李翔',100,1,2018,48,'形势与政策 中文3班','荔园2栋101'),(498,'',100,1,2018,48,'形势与政策 中文7班','荔园2栋308'),(499,'李翔',100,1,2018,48,'形势与政策 中文4班','荔园1栋201'),(500,'李翔',100,1,2018,48,'形势与政策 中文1班','荔园1栋201'),(501,'乐正',100,1,2018,48,'形势与政策 中文5班','荔园1栋102'),(502,'乐正',100,1,2018,48,'形势与政策 中文6班','荔园1栋101'),(503,'王德军',100,1,2018,48,'形势与政策 中文2班','荔园2栋102'),(504,'马富明',100,1,2018,296,'数学分析I 中英双语1班-习题1班','一教111 一教111 一教303'),(505,'马富明',100,1,2018,296,'数学分析I 中英双语1班-习题2班','一教111 一教111 一教304'),(506,'吴纪桃',100,1,2018,296,'数学分析I 中英双语2班-习题3班','一教111 一教111 荔园2栋309'),(507,'吴纪桃',100,1,2018,296,'数学分析I 中英双语2班-习题4班','一教111 一教111 荔园2栋309'),(508,'花永霞',100,1,2018,309,'高等数学（上）A 中英双语4班-习题8班','一教108 一教302 一教108'),(509,'王融',100,1,2018,309,'高等数学（上）A 中英双语6班-习题12班','荔园1栋203 荔园2栋203 荔园1栋203'),(510,'吴纪桃',100,1,2018,309,'高等数学（上）A 中英双语5班-习题10班','一教301 一教405 一教301'),(511,'杨柳青',100,1,2018,309,'高等数学（上）A 中英双语7班-习题14班','荔园1栋201 荔园2栋202 荔园1栋201'),(512,'欧阳天成',100,1,2018,309,'高等数学（上）A 英文3班-习题23班','一教111 一教406 一教306'),(513,'欧阳天成',100,1,2018,309,'高等数学（上）A 英文3班-习题24班','一教111 一教406 一教301'),(514,'MariaAlejandraRodriguez',100,1,2018,309,'高等数学（上）A 英文2班-习题21班','荔园2栋308 荔园2栋206 荔园2栋205'),(515,'陈懿茂',100,1,2018,309,'高等数学（上）A 中英双语9班-习题17班','荔园2栋302 一教306 一教306'),(516,'花永霞',100,1,2018,309,'高等数学（上）A 英文1班-习题19班','一教305 一教301 一教301'),(517,'吴纪桃',100,1,2018,309,'高等数学（上）A 中英双语8班-习题15班','一教302 一教108 一教108'),(518,'MariaAlejandraRodriguez',100,1,2018,309,'高等数学（上）A 英文2班-习题22班','荔园2栋205 荔园2栋206 荔园2栋307'),(519,'陈懿茂',100,1,2018,309,'高等数学（上）A 中英双语9班-习题18班','一教306 一教306 荔园2栋308'),(520,'花永霞',100,1,2018,309,'高等数学（上）A 英文1班-习题20班','一教301 一教301 一教402'),(521,'吴纪桃',100,1,2018,309,'高等数学（上）A 中英双语8班-习题16班','一教108 一教108 一教305'),(522,'苏琳琳',100,1,2018,309,'高等数学（上）A 中英双语3班-习题5班','一教306 荔园2栋308 一教306'),(523,'王融',100,1,2018,309,'高等数学（上）A 中英双语1班-习题1班','一教301 一教305 荔园2栋205'),(524,'杨柳青',100,1,2018,309,'高等数学（上）A 中英双语2班-习题3班','一教108 一教402 一教108'),(525,'苏琳琳',100,1,2018,309,'高等数学（上）A 中英双语3班-习题6班','一教306 荔园2栋308 一教306'),(526,'王融',100,1,2018,309,'高等数学（上）A 中英双语1班-习题2班','一教301 一教305 荔园2栋205'),(527,'杨柳青',100,1,2018,309,'高等数学（上）A 中英双语2班-习题4班','一教108 一教402 一教108'),(528,'花永霞',100,1,2018,309,'高等数学（上）A 中英双语4班-习题7班','一教305 一教108 一教108'),(529,'王融',100,1,2018,309,'高等数学（上）A 中英双语6班-习题11班','荔园2栋206 荔园1栋203 荔园1栋203'),(530,'吴纪桃',100,1,2018,309,'高等数学（上）A 中英双语5班-习题9班','一教402 一教301 一教301'),(531,'杨柳青',100,1,2018,309,'高等数学（上）A 中英双语7班-习题13班','荔园2栋309 荔园1栋201 荔园1栋201'),(532,'Viktor',100,1,2018,162,'高等数学（下）A 英文班','荔园2栋206 一教303 一教303'),(533,'张晓妮',100,1,2018,162,'高等数学（下）A 中文班','一教306 一教306 一教306'),(534,'陈懿茂',100,1,2018,110,'线性代数I-A 英文2班-习题22班','一教110 荔园6栋403 一教110'),(535,'何炳生',100,1,2018,110,'线性代数I-A 中英双语6班-习题12班','一教506 荔园6栋405 一教506'),(536,'杨将',100,1,2018,110,'线性代数I-A 中英双语4班-习题8班','一教111 一教403 一教111'),(537,'姚静',100,1,2018,110,'线性代数I-A 中英双语5班-习题10班','一教107 荔园1栋202 一教107'),(538,'李展',100,1,2018,110,'线性代数I-A 中英双语8班-习题15班','荔园2栋301 一教111 一教111'),(539,'杨佳刚',100,1,2018,110,'线性代数I-A 中英双语9班-习题17班','一教402 一教110 一教110'),(540,'姚静',100,1,2018,110,'线性代数I-A 中英双语7班-习题13班','荔园2栋306 一教107 一教107'),(541,'李展',100,1,2018,110,'线性代数I-A 中英双语8班-习题16班','一教111 一教111 荔园1栋202'),(542,'杨佳刚',100,1,2018,110,'线性代数I-A 中英双语9班-习题18班','一教110 一教110 一教405'),(543,'姚静',100,1,2018,110,'线性代数I-A 中英双语7班-习题14班','一教107 一教107 荔园2栋306'),(544,'陈懿茂',100,1,2018,110,'线性代数I-A 英文1班-习题19班','一教107 荔园2栋307 一教107'),(545,'何炳生',100,1,2018,110,'线性代数I-A 中英双语2班-习题3班','一教506 荔园2栋201 一教506'),(546,'花永霞',100,1,2018,110,'线性代数I-A 中英双语3班-习题5班','一教111 荔园2栋302 一教111'),(547,'李才恒',100,1,2018,110,'线性代数I-A 中英双语1班-习题1班','一教110 一教405 一教110'),(548,'陈懿茂',100,1,2018,110,'线性代数I-A 英文1班-习题20班','一教107 荔园2栋306 一教107'),(549,'何炳生',100,1,2018,110,'线性代数I-A 中英双语2班-习题4班','一教506 荔园2栋201 一教506'),(550,'花永霞',100,1,2018,110,'线性代数I-A 中英双语3班-习题6班','一教111 荔园2栋307 一教111'),(551,'李才恒',100,1,2018,110,'线性代数I-A 中英双语1班-习题2班','一教110 一教401 一教110'),(552,'陈懿茂',100,1,2018,110,'线性代数I-A 英文2班-习题21班','荔园6栋403 一教110 一教110'),(553,'何炳生',100,1,2018,110,'线性代数I-A 中英双语6班-习题11班','荔园6栋405 一教506 一教506'),(554,'杨将',100,1,2018,110,'线性代数I-A 中英双语4班-习题7班','一教405 一教111 一教111'),(555,'姚静',100,1,2018,110,'线性代数I-A 中英双语5班-习题9班','荔园1栋205 一教107 一教107'),(556,'杨燕',100,1,2018,169,'线性代数I-B 中英双语班-习题3班','荔园2栋307 一教506 一教506'),(557,'杨燕',100,1,2018,169,'线性代数I-B 中英双语班-习题4班','一教506 一教506 荔园2栋301'),(558,'杨燕',100,1,2018,169,'线性代数I-B 英文班-实验1班','一教406 荔园2栋306 一教406'),(559,'杨燕',100,1,2018,169,'线性代数I-B 英文班-实验2班','一教406 荔园2栋301 一教406'),(560,'Hou Yong',100,1,2018,3,'线性代数II 英文班','荔园2栋203 荔园2栋202 荔园2栋203'),(561,'Raul Ures',100,1,2018,326,'常微分方程B 英文班','一教107 一教107 一教108'),(562,'马富明',100,1,2018,315,'数学分析III 中英双语2班-习题4班','一教304 荔园2栋206 荔园2栋206'),(563,'王融',100,1,2018,315,'数学分析III 中文1班-习题1班','一教301 一教301 一教303'),(564,'王融',100,1,2018,315,'数学分析III 中文1班-习题2班','一教301 一教301 一教304'),(565,'马富明',100,1,2018,315,'数学分析III 中英双语2班-习题3班','一教304 荔园2栋206 荔园2栋206'),(566,'陈安岳',100,1,2018,79,'应用随机过程 中英双语班','一教402 一教402'),(567,'胡勇',100,1,2018,287,'初等数论 中英双语班','一教406 一教406'),(568,'杨丽丽',100,1,2018,292,'概率论与数理统计 英文1班-习题2班','荔园2栋202 一教306 一教306'),(569,'杨丽丽',100,1,2018,292,'概率论与数理统计 英文1班-习题1班','荔园2栋203 一教306 一教306'),(570,'',100,1,2018,292,'概率论与数理统计 英文2班-习题4班','一教301 一教301 一教301'),(571,'',100,1,2018,292,'概率论与数理统计 英文2班-习题3班','一教301 荔园6栋407 一教301'),(572,'姚静',100,1,2018,292,'概率论与数理统计 中英双语1班-习题5班','一教107 荔园2栋205 一教107'),(573,'张晓妮',100,1,2018,292,'概率论与数理统计 中英双语2班-习题9班','荔园1栋102 荔园2栋102 荔园1栋203'),(574,'姚静',100,1,2018,292,'概率论与数理统计 中英双语1班-习题6班','一教107 荔园2栋203 一教107'),(575,'姚静',100,1,2018,292,'概率论与数理统计 中英双语1班-习题7班','一教107 一教303 一教107'),(576,'姚静',100,1,2018,292,'概率论与数理统计 中英双语1班-习题8班','一教107 一教304 一教107'),(577,'王学锋',100,1,2018,58,'数学分析精讲 英文-习题1班','一教301 荔园2栋309 一教301'),(578,'王学锋',100,1,2018,58,'数学分析精讲 英文-习题2班','一教301 荔园2栋309 一教301'),(579,'陈安岳',100,1,2018,341,'概率论 中英双语1班-习题2班','一教111 荔园2栋202 一教111'),(580,'陈安岳',100,1,2018,341,'概率论 中英双语1班-习题1班','一教111 荔园2栋201 一教111'),(581,'陈安岳',100,1,2018,341,'概率论 中英双语2班-习题3班','一教111 荔园2栋302 一教111'),(582,'陈安岳',100,1,2018,341,'概率论 中英双语2班-习题4班','一教111 荔园2栋302 一教111'),(583,'李景治',100,1,2018,219,'计算金融 中英双语班','荔园2栋203 荔园2栋203'),(584,'古嘉雯',100,1,2018,114,'非寿险精算 中英双语班','一教305 一教305'),(585,'欧阳天成',100,1,2018,236,'实变函数 中英双语班','一教107 一教107'),(586,'王勇',100,1,2018,221,'偏微分方程 中英双语班','一教406 一教111'),(587,'杨将',100,1,2018,301,'数值分析 中英双语班','一教305 一教305'),(588,'蒋学军',100,1,2018,120,'时间序列分析 中英双语班','一教506 一教506'),(589,'蔡敬衡',100,1,2018,18,'试验设计 中英双语','荔园2栋101 荔园2栋201'),(590,'李勤',100,1,2018,17,'群表示论 中英双语班','荔园2栋206 荔园2栋206'),(591,'朱一飞',100,1,2018,59,'拓扑学 中英双语班','一教305 一教305'),(592,'周敏',100,1,2018,129,'统计线性模型 中英双语班','一教402 一教402'),(593,'MariaAlejandraRodriguez',100,1,2018,212,'动力系统 英文班','荔园6栋405 荔园6栋405'),(594,'黄克服',100,1,2018,182,'理论力学I 中文班（选择理论与应用力学专业学生修读）','荔园6栋405 荔园6栋405'),(595,'洪伟',100,1,2018,189,'理论力学I-B 英文班（选择非理论与应用力学专业学生修读）','荔园2栋101 荔园2栋101'),(596,'许振宇',100,1,2018,181,'航空航天与力学概论 中文班','荔园2栋203'),(597,'力学外聘老师',100,1,2018,278,'航空发动机概论 中文班','荔园2栋205'),(598,'邓巍巍',100,1,2018,53,'工程流体力学 中英双语班（选择非理论与应用力学专业学生修读）','荔园2栋202 荔园2栋203'),(599,'万敏平',100,1,2018,204,'流体力学 英文班（选择理论与应用力学专业学生修读）','荔园1栋207 荔园1栋207'),(600,'黄仕迪',100,1,2018,5,'工程热力学 中文班','荔园2栋206 荔园2栋206'),(601,'刘轶军',100,1,2018,252,'航空结构强度 中英双语班','荔园1栋207 荔园1栋207'),(602,'余鹏',100,1,2018,6,'输运现象原理 英文班','荔园1栋201 荔园1栋203'),(603,'力学外聘老师',100,1,2018,60,'航空叶轮机原理 中文班','荔园2栋308 荔园2栋308'),(604,'王浩',100,1,2018,325,'航空飞行器动力学 英文班','荔园1栋207 荔园1栋207'),(605,'韩品连',100,1,2018,122,'航空发动机结构与强度 英文班','荔园1栋207 慧园5栋304力学实验室'),(606,'王敏',100,1,2018,176,'固体力学实验 中文班','慧园5栋510力学实验室 慧园5栋508力学系实验室'),(607,'王建春',100,1,2018,211,'空气动力学 中文班','荔园1栋207 荔园1栋207'),(608,'王敏',100,1,2018,220,'复合材料力学 中英双语班','荔园1栋207 荔园1栋207'),(609,'邓巍巍',100,1,2018,145,'科技创新项目（创新与创业） 中文班',''),(610,'邱雁南',100,1,2018,265,'代数（研究生） 中英双语班','荔园2栋203 荔园2栋203'),(611,'苏琳琳',100,1,2018,30,'测度论与积分（研究生） 中英双语班','一教304 一教304'),(612,'张振',100,1,2018,28,'应用数学方法（研究生） 中英双语班','一教304 一教304'),(613,'蒋学军',100,1,2018,100,'高等统计学（研究生） 中英双语班','一教403 一教403'),(614,'王学锋',100,1,2018,174,'偏微分方程(下) 中英双语班','荔园2栋302 荔园2栋302'),(615,'田国梁',100,1,2018,331,'计算统计 中英双语班','荔园1栋102 荔园1栋102'),(616,'陈继勇',100,1,2018,142,'代数专题-群论 中英双语班','一教303 一教303'),(617,'胡勇',100,1,2018,124,'代数曲线 中英双语班','一教304 一教304'),(618,'AlexanderKurganov',100,1,2018,194,'科学计算 中英双语班','荔园1栋202 荔园1栋202'),(619,'熊捷',100,1,2018,184,'现代概率论 中英双语班','荔园2栋208 荔园2栋208'),(620,'魏艳 黄业绪',100,1,2018,215,'CAD与工程制图 中英双语实验3班','荔园1栋101 荔园6栋404机房'),(621,'魏艳 黄业绪',100,1,2018,215,'CAD与工程制图 中英双语实验4班','荔园1栋101 荔园6栋404机房'),(622,'魏艳 肖啸川',100,1,2018,215,'CAD与工程制图 英文班实验2班','荔园1栋101 荔园6栋404机房'),(623,'魏艳 肖啸川',100,1,2018,215,'CAD与工程制图 英文班实验1班','荔园1栋101 荔园6栋404机房'),(624,'路冬 曾千里',100,1,2018,321,'制造工程认知实践 中英双语班-实验1班','荔园1栋205 慧园2栋一楼'),(625,'路冬 黄渊建',100,1,2018,321,'制造工程认知实践 中英双语班-实验2班','荔园1栋205 慧园2栋一楼'),(626,'魏艳',100,1,2018,216,'高等图形学与CAD 中英双语','荔园6栋404机房 荔园6栋404机房'),(627,'郑裕基 曾千里',100,1,2018,223,'动力学与机械振动 英文班','荔园6栋509机械实验室 荔园2栋202'),(628,'邓辉',100,1,2018,8,'机械制造基础 中英双语班','荔园6栋405 荔园6栋405'),(629,'宋超阳',100,1,2018,107,'机械设计基础 中英双语班','荔园6栋407 荔园6栋407'),(630,'',100,1,2018,55,'能源工程基础 中英双语班','荔园2栋206'),(631,'张冬 黄渊建',100,1,2018,310,'创新设计实践 中英双语班','荔园6栋403'),(632,'郑裕基 黄业绪',100,1,2018,47,'控制工程基础 英文班','荔园6栋507机械实验室 荔园1栋205'),(633,'路冬',100,1,2018,297,'制造过程仿真与数据分析 中英双语','荔园2栋205'),(634,'吴勇波',100,1,2018,237,'复合制造技术前沿 中英双语','荔园1栋205 荔园1栋205'),(635,'郭亮',100,1,2018,332,'先进激光加工与检测技术 中英双语','荔园1栋202 荔园1栋202'),(636,'柯文德',100,1,2018,159,'信号分析 中英双语班','荔园2栋201 荔园6栋507机械实验室'),(637,'柯文德',100,1,2018,334,'智能机器人技术 中英双语班','荔园1栋205 荔园6栋507机械实验室'),(638,'黄渊建',100,1,2018,282,'创新设计理论与实践 中英双语班','荔园2栋207 荔园2栋207'),(639,'徐少林',100,1,2018,233,'精密加工技术 中英双语班','荔园1栋205 荔园1栋205'),(640,'王海江',100,1,2018,280,'化学燃料电池技术 中英双语班','荔园6栋407 荔园6栋407'),(641,'张巍',100,1,2018,152,'现代控制与最优估计 英文班','荔园2栋303 荔园2栋303'),(642,'杨再跃',100,1,2018,335,'工程优化基础 中英双语','荔园2栋306 荔园2栋306'),(643,'付成龙',100,1,2018,238,'机器人与仿生学 中英双语班','荔园6栋407 荔园6栋407'),(644,'白家鸣',100,1,2018,303,'增材制造与设计 中英双语班','荔园6栋405 荔园6栋405'),(645,'朱强',100,1,2018,234,'材料失效与断裂力学 中英双语班','荔园6栋405 荔园6栋405'),(646,'袁文桥',100,1,2018,284,'新能源技术：生物能源工程 英文班','荔园2栋202 荔园2栋202'),(647,'医学院外聘老师',100,1,2018,108,'预防医学 中英双语1班','一教302'),(648,'医学院外聘老师',100,1,2018,108,'预防医学 中英双语2班','一教302'),(649,'医学院外聘老师',100,1,2018,34,'生理学与病理生理学 I 中英双语班','荔园2栋301 荔园2栋301'),(650,'医学院外聘老师',100,1,2018,336,'组织学与胚胎学 中英双语班',''),(651,'廖成竹 卢周广 李慧丽',100,1,2018,154,'材料科学基础 英文1班-实验1班（实验课每次都计入期末成绩，且没有补课）','一教404 荔园2栋503 一教404'),(652,'廖成竹 卢周广 明静',100,1,2018,154,'材料科学基础 英文1班-实验2班（实验课每次都计入期末成绩，且没有补课。）','一教404 荔园2栋503 一教404'),(653,'孙大陟 廖成竹 李艳艳',100,1,2018,154,'材料科学基础 英文2班-实验3班（实验课每次都计入期末成绩，且没有补课）','一教404 荔园2栋503 一教404'),(654,'孙大陟 廖成竹 程化',100,1,2018,154,'材料科学基础 英文2班-实验4班（实验课每次都计入期末成绩，且没有补课）','一教404 荔园2栋503 一教404'),(655,'廖成竹 郭传飞 叶飞',100,1,2018,154,'材料科学基础 英文3班-实验5班（实验课每次都计入期末成绩，且没有补课）','荔园2栋503 荔园1栋202'),(656,'廖成竹 郭传飞 叶飞',100,1,2018,154,'材料科学基础 英文3班-实验6班（实验课每次都计入期末成绩，且没有补课）','荔园1栋202 荔园2栋503 荔园1栋202'),(657,'程春',100,1,2018,9,'晶体学 中英双语1班','荔园1栋205'),(658,'程春',100,1,2018,9,'晶体学 中英双语2班','荔园1栋205'),(659,'何祝兵',100,1,2018,200,'工程电路与电子基础 中文2班','一教406 一教406'),(660,'何祝兵',100,1,2018,200,'工程电路与电子基础 中文1班','一教406 一教406'),(661,'田雷蕾',100,1,2018,135,'材料化学 英文班','荔园2栋101 荔园2栋101'),(662,'程化 章剑波 李艳艳',100,1,2018,128,'材料学综合实验I 英文2班（实验课每次都计入期末成绩，且没有补课）','荔园2栋510'),(663,'程化 章剑波 李艳艳',100,1,2018,128,'材料学综合实验I 英文3班（实验课每次都计入期末成绩，且没有补课）','荔园2栋508'),(664,'程化 章剑波 李艳艳',100,1,2018,128,'材料学综合实验I 英文1班（实验课每次都计入期末成绩，且没有补课）','荔园2栋508'),(665,'任富增',100,1,2018,80,'现代材料科学与技术前沿讲座I 中英双语班','一教406'),(666,'刘玮书',100,1,2018,199,'材料热力学 英文班','一教406 一教406'),(667,'叶飞 余鹏 明静',100,1,2018,304,'金属材料 英文2班-实验3班（实验课每次都计入期末成绩，且没有补课）','一教124 一教303'),(668,'叶飞 余鹏 明静',100,1,2018,304,'金属材料 英文1班-实验1班（实验课每次都计入期末成绩，且没有补课）','一教124 一教303'),(669,'叶飞 余鹏 明静',100,1,2018,304,'金属材料 英文2班-实验2班（实验课每次都计入期末成绩，且没有补课）','一教124 一教303'),(670,'任富增',100,1,2018,102,'陶瓷材料 英文班','一教406 一教406'),(671,'孙大陟',100,1,2018,339,'材料科学创新实验I 中英双语班',''),(672,'王湘麟',100,1,2018,305,'有机功能材料 英文班','一教303 一教303'),(673,'李贵新',100,1,2018,317,'光学材料与超构材料 英文班','荔园2栋309 荔园2栋309'),(674,'孙大陟',100,1,2018,146,'材料科学创新实验III 中英双语班',''),(675,'谷猛',100,1,2018,269,'先进薄膜制备技术 英文班','荔园1栋206 荔园1栋206'),(676,'严明',100,1,2018,291,'3D打印及激光先进制造 英文班','一教503 一教503'),(677,'田颜清 宋寒',100,1,2018,338,'科技创新项目 中英双语班',''),(678,'张传伦',100,1,2018,226,'海洋科学趣谈 中英双语班','荔园1栋202'),(679,'李芯芯',100,1,2018,74,'海洋生态系统导论 中英双语班','荔园1栋205 荔园1栋205'),(680,'周祐民',100,1,2018,137,'普通地质学 中英双语班','荔园1栋202 荔园1栋202'),(681,'刘青松',100,1,2018,138,'古地磁学与环境磁学 中英双语班','荔园1栋202 荔园1栋202'),(682,'杨挺',100,1,2018,188,'海洋地球物理学 中英双语班','荔园2栋207 荔园2栋207'),(683,'郭震',100,1,2018,307,'海洋地震观测基础 中英双语班','荔园2栋207 荔园6栋404机房'),(684,'白勇',100,1,2018,139,'结构力学 中英双语班','荔园1栋206 荔园1栋206'),(685,'张传伦',100,1,2018,180,'极端环境生命过程 中英双语班','荔园1栋202'),(686,'陈伟强',100,1,2018,251,'大学物理A（上） 中文班','荔园2栋201 荔园2栋201 荔园2栋201'),(687,'张立源',100,1,2018,164,'大学物理 B(上) 中英双语6班','荔园2栋101 荔园2栋101'),(688,'赵悦',100,1,2018,164,'大学物理 B(上) 英文班','荔园2栋102 荔园2栋102'),(689,'鲁大为',100,1,2018,164,'大学物理 B(上) 中英双语8班','荔园2栋102 荔园2栋102'),(690,'王浩',100,1,2018,164,'大学物理 B(上) 中英双语7班','荔园1栋201 荔园1栋201'),(691,'王克东',100,1,2018,164,'大学物理 B(上) 中英双语2班','荔园1栋203 荔园1栋203'),(692,'陈远珍',100,1,2018,164,'大学物理 B(上) 中英双语4班','荔园1栋201 荔园1栋201'),(693,'刘畅',100,1,2018,164,'大学物理 B(上) 中英双语1班','荔园1栋203 荔园1栋203'),(694,'王善民',100,1,2018,164,'大学物理 B(上) 中英双语5班','荔园2栋102 荔园2栋102'),(695,'陈朗',100,1,2018,42,'大学物理C(上) 英文班','荔园1栋202 荔园1栋202'),(696,'王才林 张贤高 张欢 邵明珍 杨珺 王晓',100,1,2018,19,'基础物理实验 中英双语1班（秋季学期1-3周只退不补选）','荔园2栋403物理实验室'),(697,'王才林 张贤高 张欢 邵明珍 杨珺 王晓',100,1,2018,19,'基础物理实验 英文班（后置名单）（秋季学期1-3周只退不补选）','荔园2栋403物理实验室'),(698,'王才林 张贤高 邵明珍 张欢 王晓峰 杨珺',100,1,2018,19,'基础物理实验 中英双语3班（秋季学期1-3周只退不补选）','荔园2栋403物理实验室'),(699,'王才林 张贤高 张欢 邵明珍 杨珺 王晓',100,1,2018,19,'基础物理实验 中英双语2班（秋季学期1-3周只退不补选）','荔园2栋403物理实验室'),(700,'梅佳伟',100,1,2018,77,'大学物理 B(下) 中英双语班','荔园2栋202 荔园2栋202'),(701,'吴文政',100,1,2018,77,'大学物理 B(下) 英文班','荔园2栋201 荔园2栋201'),(702,'王才林 张贤高 张欢 邵明珍 杨珺 王晓',100,1,2018,330,'综合物理实验 中英双语2班（秋季学期1-3周只退不补选','一教325'),(703,'张贤高 王才林 邵明珍 张欢 王晓峰 杨珺',100,1,2018,330,'综合物理实验 中英双语1班（秋季学期1-3周只退不补选）','一教325'),(704,'力学外聘老师',100,1,2018,195,'数学物理方法 中文2班','荔园2栋308 荔园2栋308'),(705,'石兴强',100,1,2018,195,'数学物理方法 中文1班','一教110 一教110'),(706,'王克东',100,1,2018,177,'分析力学 中文班','一教110 一教110'),(707,'黄明远',100,1,2018,187,'电动力学I 中文班','一教110 一教110'),(708,'曾孝奇 杨珺 邵明珍 王才林 张欢',100,1,2018,240,'综合物理开放实验 中文班（秋季学期1-3周只退不补选）','一教325'),(709,'徐婷婷 杨珺 曾孝奇 邓冬梅 王才林 张欢',100,1,2018,172,'研究型物理实验 中文班（秋季学期1-3周只退不补选）','一教425'),(710,'吴健生',100,1,2018,248,'统计物理II 中英双语班','一教406 一教406'),(711,'卢海舟',100,1,2018,290,'量子力学II 中文班','一教406 一教406'),(712,'戴俊峰',100,1,2018,13,'近代光学 中英双语班','一教108 一教108'),(713,'徐虎',100,1,2018,144,'固体物理 中英双语班','一教108 一教108'),(714,'黄丽',100,1,2018,96,'计算物理 中文班','一教403 一教403'),(715,'王干',100,1,2018,93,'薄膜物理 中文班','一教401 一教401'),(716,'何洪涛',100,1,2018,37,'微纳结构加工 中英双语班','二科220 一教401'),(717,'何佳清',100,1,2018,62,'先进电子显微学 中英双语班','一教401 分析测试中心109实验室'),(718,'俞大鹏',100,1,2018,130,'凝聚态物理讲坛 中文班','图书馆报告厅110'),(719,'翁文康',100,1,2018,232,'高等量子力学 中英双语班','一教404 一教404 一教404'),(720,'刘奇航',100,1,2018,118,'物理学中的群论 中文班','一教403 一教403'),(721,'OscarDahlsten',100,1,2018,231,'量子信息 英文班','一教402 一教402'),(722,'LeonardoModesto',100,1,2018,36,'量子场论导论 英文班','一教403 一教403'),(723,'王晓葵',100,1,2018,327,'当代日本的大众文化 中文','一教506'),(724,'戴吾三',100,1,2018,82,'中国的工业化与社会变革 中文','一教108'),(725,'张静红',100,1,2018,185,'纪录片欣赏与制作 中文','荔园2栋308 荔园2栋308'),(726,'唐际根',100,1,2018,281,'考古发现与中国历史 中文','一教111'),(727,'陈惠云',100,1,2018,43,'社会学入门 英文','一教302'),(728,'刘妍',100,1,2018,311,'建筑、空间与文化 中文','一教301'),(729,'Amir Hampel',100,1,2018,275,'社会心理学专题：自我认同与社会变迁 英文','一教507'),(730,'周永明',100,1,2018,15,'文化人类学导论 中文','一教302'),(731,'Catrin Kost',100,1,2018,263,'蒙古帝国：出现、历史和物质文化 英文','一教501'),(732,'Erin Thomason',100,1,2018,66,'人类学专题：亲属关系与家庭 英文班','一教302'),(733,'张宏民',100,1,2017,218,'普通生物学 英文班','荔园1栋201 荔园1栋201'),(734,'黄鸿达',100,1,2017,218,'普通生物学 中英双语班','荔园1栋101 荔园1栋101'),(735,'李瑞熙',100,1,2017,190,'生命科学概论 中英双语2班','一教108 一教108'),(736,'饶枫',100,1,2017,190,'生命科学概论 英文班','一教111 一教111'),(737,'吴柘',100,1,2017,190,'生命科学概论 中英双语1班','一教107 一教110'),(738,'',100,1,2017,85,'普通生物学实验 中英双语3班（秋季学期1-3周只退不补选）','荔园1栋513生物实验室'),(739,'',100,1,2017,85,'普通生物学实验 中英双语2班（秋季学期1-3周只退不补选）','荔园1栋513生物实验室'),(740,'',100,1,2017,85,'普通生物学实验 中英双语4班（秋季学期1-3周只退不补选）','荔园1栋503生物实验室'),(741,'',100,1,2017,85,'普通生物学实验 中英双语1班（秋季学期1-3周只退不补选）','荔园1栋513生物实验室'),(742,'余聪',100,1,2017,272,'生物化学I（生物大分子） 英文2班','一教502 一教502'),(743,'梁建生',100,1,2017,272,'生物化学I（生物大分子） 中英双语','一教304 一教304'),(744,'魏志毅',100,1,2017,272,'生物化学I（生物大分子） 英文1班','一教405 一教405'),(745,'孙颖',100,1,2017,149,'微生物学 中英双语2班','一教502 一教502'),(746,'孙颖',100,1,2017,149,'微生物学 中英双语1班','一教502 一教502'),(747,'',100,1,2017,243,'微生物学实验 英文（秋季学期1-3周只退不补选）','一教225'),(748,'',100,1,2017,243,'微生物学实验 中英双语1班（秋季学期1-3周只退不补选）','一教226生物系实验室'),(749,'',100,1,2017,243,'微生物学实验 中英双语3班（秋季学期1-3周只退不补选）','一教226生物系实验室'),(750,'',100,1,2017,243,'微生物学实验 中英双语2班（秋季学期1-3周只退不补选）','一教225'),(751,'Peter Pimpl',100,1,2017,262,'细胞生物学 英文2班','一教501 一教501'),(752,'张严冬',100,1,2017,262,'细胞生物学 英文1班','一教502 一教502'),(753,'梁建生',100,1,2017,69,'植物生理学 中英双语2班','一教403 一教404'),(754,'郭红卫',100,1,2017,69,'植物生理学 中英双语1班','荔园1栋206 荔园1栋206'),(755,'王俊琦',100,1,2017,69,'植物生理学 中英双语3班','一教404 一教404'),(756,'',100,1,2017,57,'细胞生物学实验 中英双语1班（秋季学期1-3周只退不补选）','荔园1栋503生物实验室'),(757,'',100,1,2017,57,'细胞生物学实验 中英双语2班（秋季学期1-3周只退不补选）','荔园1栋503生物实验室'),(758,'',100,1,2017,57,'细胞生物学实验 英文班（秋季学期1-3周只退不补选）','荔园1栋503生物实验室'),(759,'',100,1,2017,267,'植物生理学实验 中英双语2班（秋季学期1-3周只退不补选）','一教225'),(760,'',100,1,2017,267,'植物生理学实验 中英双语1班（秋季学期1-3周只退不补选）','一教224'),(761,'谢宇聪',100,1,2017,210,'遗传学 英文','一教501 一教502'),(762,'靳文菲',100,1,2017,312,'计算生物学 中英双语','一教404 二教102机房'),(763,'宋学军',100,1,2017,21,'神经生物学 中英双语','一教501 一教501'),(764,'侯圣陶',100,1,2017,32,'动物生理学 英文班','一教302'),(765,'程龙珍',100,1,2017,32,'动物生理学 中英双语班','一教501 一教501'),(766,'',100,1,2017,101,'动物生理学实验 中英双语2班（秋季学期1-3周只退不补选）','荔园1栋502生物实验室'),(767,'',100,1,2017,101,'动物生理学实验 中英双语1班（秋季学期1-3周只退不补选）','荔园1栋504生物实验室'),(768,'',100,1,2017,101,'动物生理学实验 英文（秋季学期1-3周只退不补选）','荔园1栋502生物实验室'),(769,'肖波',100,1,2017,166,'神经胶质细胞生物学 中英双语','一教301'),(770,'',100,1,2017,46,'分子微生物学实验 中英双语2班（秋季学期1-3周只退不补选）','一教226生物系实验室'),(771,'',100,1,2017,46,'分子微生物学实验 中英双语1班（秋季学期1-3周只退不补选）','一教226生物系实验室'),(772,'侯春晖',100,1,2017,228,'基因工程学 英文','荔园6栋407'),(773,'侯春晖',100,1,2017,302,'免疫学 英文','荔园6栋403 荔园6栋403'),(774,'王冠宇',100,1,2017,271,'生物动力系统模拟 英文','一教305 一教306'),(775,'郭琼玉',100,1,2017,318,'定量生理学（一） 中英双语','一教401 一教402'),(776,'陈放怡 吴长锋 唐斌',100,1,2017,261,'生物医学工程（一） 中英双语','一教404 一教404'),(777,'奚磊',100,1,2017,52,'医学影像系统原理 中英双语','一教403 一教403'),(778,'彭诚',100,1,2017,259,'生物医学工程实验（一） 中英双语','荔园6栋503生物医学工程实验室 荔园6栋503生物医学工程实验室'),(779,'权泽卫',100,1,2017,90,'化学原理 A 中英双语3班','荔园1栋203 荔园1栋203'),(780,'许宗祥',100,1,2017,90,'化学原理 A 中英双语1班','荔园1栋201 荔园1栋201'),(781,'张元竹',100,1,2017,90,'化学原理 A 中英双语4班','荔园1栋203 荔园1栋203'),(782,'郑智平',100,1,2017,90,'化学原理 A 英文班','荔园1栋201 荔园1栋201'),(783,'钟龙华',100,1,2017,90,'化学原理 A 中英双语2班','一教108 一教108'),(784,'郭旭岗',100,1,2017,193,'化学原理 B 英文班','一教107 一教111'),(785,'蒋伟',100,1,2017,193,'化学原理 B 中英双语2班','一教110 一教110'),(786,'舒伟',100,1,2017,193,'化学原理 B 中英双语3班','荔园1栋101 荔园1栋101'),(787,'谭斌',100,1,2017,193,'化学原理 B 中英双语1班','荔园2栋102 荔园2栋102'),(788,'王春燕 刘华伟',100,1,2017,254,'化学原理实验A 中英双语1班','一教525化学原理实验室'),(789,'王春燕 刘华伟',100,1,2017,254,'化学原理实验A 中英双语2班','一教526化学原理实验室'),(790,'何川',100,1,2017,70,'有机化学I 英文班','荔园2栋202 荔园2栋202'),(791,'徐晨',100,1,2017,70,'有机化学I 中英双语2班','荔园2栋206 荔园2栋206'),(792,'李鹏飞',100,1,2017,70,'有机化学I 中英双语1班','一教401 一教401'),(793,'田瑞军',100,1,2017,342,'分析化学 中英1班','一教302 一教302'),(794,'谢小江',100,1,2017,342,'分析化学 中英2班','一教405 一教405'),(795,'李晓华',100,1,2017,163,'分析化学实验 中文2班（秋季学期1-3周只退不补选）','荔园1栋307化学实验室'),(796,'李晓华',100,1,2017,163,'分析化学实验 中文1班（秋季学期1-3周只退不补选）','荔园1栋305化学实验室'),(797,'陆为',100,1,2017,26,'无机化学导论 中英双语','一教506 一教506'),(798,'黄立民',100,1,2017,264,'物理化学I 英文班','荔园2栋201 荔园2栋201'),(799,'汤小菊 何绮婷 颜瑷珲',100,1,2017,91,'物理化学实验 中文2班（秋季学期1-3周只退不补选）','荔园1栋303化学实验室'),(800,'汤小菊 何绮婷 颜瑷珲',100,1,2017,91,'物理化学实验 中文1班（秋季学期1-3周只退不补选）','荔园1栋302化学实验室'),(801,'刘重阳',100,1,2017,25,'高级仪器系统的研发II 英文班','一教405'),(802,'房芳 于月娜',100,1,2017,92,'高等有机化学实验 秋季学期1-3周不退不补选','荔园1栋407化学实验室'),(803,'贾铁争',100,1,2017,112,'化学生物学 中英双语','荔园2栋206 荔园2栋206'),(804,'何凤',100,1,2017,156,'高分子化学 中英双语','荔园2栋306 荔园2栋306'),(805,'李闯创',100,1,2017,320,'药物化学 中文班','一教501 一教501'),(806,'何振宇 黄文忠 王春燕 刘华伟',100,1,2017,249,'高等无机化学实验 秋季学期1-3周不退不补选','荔园1栋403化学实验室'),(807,'房芳 于月娜 何凤',100,1,2017,245,'高分子化学实验 秋季学期1-3周不退不补选','荔园1栋407化学实验室'),(808,'叶青',100,1,2017,111,'元素有机化学 中英双语','荔园2栋309'),(809,'段乐乐',100,1,2017,208,'杂环化学 中英双语','荔园2栋309 荔园2栋309'),(810,'何振宇',100,1,2017,175,'现代策略合成中的金属有机化学 英文班','一教301'),(811,'刘心元',100,1,2017,61,'现代策略合成中的高等有机化学 中英双语','荔园6栋405'),(812,'',100,1,2017,203,'计算化学 中文班','一教401 二教205机房'),(813,'陈忠仁',100,1,2017,333,'化工原理 中英双语','一教402 一教402'),(814,'房芳 汪君 于月娜',100,1,2017,123,'化妆品化学与配方 中英双语','一教404 荔园1栋407化学实验室'),(815,'任珂',100,1,2017,217,'基础汉语 I 中英1班','一教204 一教204'),(816,'NatalieFerguson',100,1,2017,253,'SUSTech EnglishI 英文6班','一教410 一教410'),(817,'董蓉蓉',100,1,2017,253,'SUSTech EnglishI 英文9班','一教308 一教308'),(818,'NatalieFerguson',100,1,2017,253,'SUSTech EnglishI 英文7班','一教410 一教410'),(819,'董蓉蓉',100,1,2017,253,'SUSTech EnglishI 英文10班','一教307 一教307'),(820,'董蓉蓉',100,1,2017,253,'SUSTech EnglishI 英文8班','一教308 一教308'),(821,'柳青',100,1,2017,253,'SUSTech EnglishI 英文1班','一教307 一教307'),(822,'NatalieFerguson',100,1,2017,253,'SUSTech EnglishI 英文4班','一教410 一教410'),(823,'柳青',100,1,2017,253,'SUSTech EnglishI 英文2班','一教307 一教307'),(824,'NatalieFerguson',100,1,2017,253,'SUSTech EnglishI 英文5班','一教410 一教410'),(825,'柳青',100,1,2017,253,'SUSTech EnglishI 英文3班','一教308 一教308'),(826,'CLETBA2',100,1,2017,322,'SUSTech EnglishII 英文26班','一教407 一教407'),(827,'CLETBA3',100,1,2017,322,'SUSTech EnglishII 英文30班','一教507 一教507'),(828,'JesseCancelmo IV',100,1,2017,322,'SUSTech EnglishII 英文14班','一教310 一教310'),(829,'喻永阳',100,1,2017,322,'SUSTech EnglishII 英文22班','一教309 一教309'),(830,'张新婷',100,1,2017,322,'SUSTech EnglishII 英文3班','一教307 一教307'),(831,'CLETBA2',100,1,2017,322,'SUSTech EnglishII 英文27班','一教407 一教407'),(832,'CLETBA3',100,1,2017,322,'SUSTech EnglishII 英文28班','一教507 一教507'),(833,'CLETBA6',100,1,2017,322,'SUSTech EnglishII 英文6班','一教309 一教309'),(834,'JesseCancelmo IV',100,1,2017,322,'SUSTech EnglishII 英文15班','一教310 一教310'),(835,'KentPatterson',100,1,2017,322,'SUSTech EnglishII 英文7班','一教411 一教411'),(836,'StephenPellerine',100,1,2017,322,'SUSTech EnglishII 英文19班','一教311 一教311'),(837,'喻永阳',100,1,2017,322,'SUSTech EnglishII 英文23班','一教308 一教308'),(838,'CLETBA7',100,1,2017,322,'SUSTech EnglishII 英文11班','一教407 一教407'),(839,'KentPatterson',100,1,2017,322,'SUSTech EnglishII 英文10班','一教411 一教411'),(840,'StephenPellerine',100,1,2017,322,'SUSTech EnglishII 英文18班','一教409 一教409'),(841,'CLETBA2',100,1,2017,322,'SUSTech EnglishII 英文24班','一教407 一教407'),(842,'CLETBA6',100,1,2017,322,'SUSTech EnglishII 英文4班','一教309 一教309'),(843,'JesseCancelmo IV',100,1,2017,322,'SUSTech EnglishII 英文12班','一教310 一教310'),(844,'StephenPellerine',100,1,2017,322,'SUSTech EnglishII 英文16班','一教311 一教311'),(845,'CLETBA3',100,1,2017,322,'SUSTech EnglishII 英文29班','一教507 一教507'),(846,'CLETBA6',100,1,2017,322,'SUSTech EnglishII 英文5班','一教309 一教309'),(847,'KentPatterson',100,1,2017,322,'SUSTech EnglishII 英文8班','一教411 一教411'),(848,'StephenPellerine',100,1,2017,322,'SUSTech EnglishII 英文17班','一教311 一教311'),(849,'喻永阳',100,1,2017,322,'SUSTech EnglishII 英文20班','一教308 一教308'),(850,'张新婷',100,1,2017,322,'SUSTech EnglishII 英文2班','一教408 一教408'),(851,'CLETBA2',100,1,2017,322,'SUSTech EnglishII 英文25班','一教407 一教407'),(852,'CLETBA3',100,1,2017,322,'SUSTech EnglishII 英文31班','一教507 一教507'),(853,'JesseCancelmo IV',100,1,2017,322,'SUSTech EnglishII 英文13班','一教310 一教310'),(854,'KentPatterson',100,1,2017,322,'SUSTech EnglishII 英文9班','一教411 一教411'),(855,'喻永阳',100,1,2017,322,'SUSTech EnglishII 英文21班','一教309 一教309'),(856,'张新婷',100,1,2017,322,'SUSTech EnglishII 英文1班','一教408 一教408'),(857,'AllisonDansie',100,1,2017,153,'SUSTech EnglishIII 英文1班','一教307 一教307'),(858,'CLETBA8',100,1,2017,153,'SUSTech EnglishIII 英文6班','一教308 一教308'),(859,'CLETBA12',100,1,2017,153,'SUSTech EnglishIII 英文20班','一教409 一教409'),(860,'CLETBA4',100,1,2017,153,'SUSTech EnglishIII 英文16班','一教311 一教311'),(861,'刘丽莎',100,1,2017,153,'SUSTech EnglishIII 英文12班','一教408 一教408'),(862,'CLETBA12',100,1,2017,153,'SUSTech EnglishIII 英文21班','一教409 一教409'),(863,'刘丽莎',100,1,2017,153,'SUSTech EnglishIII 英文13班','一教408 一教408'),(864,'CLETBA8',100,1,2017,153,'SUSTech EnglishIII 英文5班','一教308 一教308'),(865,'CLETBA9',100,1,2017,153,'SUSTech EnglishIII 英文9班','一教309 一教309'),(866,'CLETBA4',100,1,2017,153,'SUSTech EnglishIII 英文17班','一教410 一教410'),(867,'AllisonDansie',100,1,2017,153,'SUSTech EnglishIII 英文2班','一教307 一教307'),(868,'CLETBA9',100,1,2017,153,'SUSTech EnglishIII 英文10班','一教309 一教309'),(869,'AllisonDansie',100,1,2017,153,'SUSTech EnglishIII 英文3班','一教307 一教307'),(870,'CLETBA8',100,1,2017,153,'SUSTech EnglishIII 英文7班','一教308 一教308'),(871,'CLETBA8',100,1,2017,153,'SUSTech EnglishIII 英文4班','一教308 一教308'),(872,'CLETBA9',100,1,2017,153,'SUSTech EnglishIII 英文8班','一教409 一教409'),(873,'CLETBA12',100,1,2017,153,'SUSTech EnglishIII 英文19班','一教409 一教409'),(874,'刘丽莎',100,1,2017,153,'SUSTech EnglishIII 英文11班','一教408 一教408'),(875,'CLETBA12',100,1,2017,153,'SUSTech EnglishIII 英文18班','一教409 一教409'),(876,'CLETBA4',100,1,2017,153,'SUSTech EnglishIII 英文15班','一教407 一教407'),(877,'CLETBA4',100,1,2017,153,'SUSTech EnglishIII 英文14班','一教311 一教311'),(878,'PamelaMansutti',100,1,2017,22,'二十世纪电影 英文1班','一教307'),(879,'任珂',100,1,2017,4,'中级汉语I 中文1班','一教204 一教204'),(880,'任珂',100,1,2017,4,'中级汉语I 中文3班','一教204 一教204'),(881,'任珂',100,1,2017,4,'中级汉语I 中文2班','一教204 一教204'),(882,'Albert Evans',100,1,2017,113,'EAP 英文7班','一教310'),(883,'CLETBA10',100,1,2017,113,'EAP 英文29班','一教311'),(884,'MatthewJellick',100,1,2017,113,'EAP 英文1班','一教407'),(885,'褚彧',100,1,2017,113,'EAP 英文15班','一教408'),(886,'Albert Evans',100,1,2017,113,'EAP 英文8班','一教310'),(887,'CLETBA10',100,1,2017,113,'EAP 英文23班','一教311'),(888,'褚彧',100,1,2017,113,'EAP 英文16班','一教408'),(889,'Albert Evans',100,1,2017,113,'EAP 英文9班','一教410'),(890,'MatthewJellick',100,1,2017,113,'EAP 英文2班','一教407'),(891,'褚彧',100,1,2017,113,'EAP 英文14班','一教408'),(892,'CLETBA9',100,1,2017,113,'EAP 英文30班','一教309'),(893,'MatthewJellick',100,1,2017,113,'EAP 英文3班','一教407'),(894,'褚彧',100,1,2017,113,'EAP 英文17班','一教408'),(895,'CLETBA10',100,1,2017,113,'EAP 英文25班','一教311'),(896,'MatthewJellick',100,1,2017,113,'EAP 英文4班','一教407'),(897,'褚彧',100,1,2017,113,'EAP 英文18班','一教408'),(898,'Albert Evans',100,1,2017,113,'EAP 英文11班','一教310'),(899,'CLETBA10',100,1,2017,113,'EAP 英文26班','一教311'),(900,'褚彧',100,1,2017,113,'EAP 英文19班','一教408'),(901,'Albert Evans',100,1,2017,113,'EAP 英文12班','一教310'),(902,'CLETBA10',100,1,2017,113,'EAP 英文27班','一教311'),(903,'MatthewJellick',100,1,2017,113,'EAP 英文5班','一教407'),(904,'褚彧',100,1,2017,113,'EAP 英文20班','一教408'),(905,'Albert Evans',100,1,2017,113,'EAP 英文13班','一教310'),(906,'CLETBA10',100,1,2017,113,'EAP 英文28班','一教311'),(907,'CLETBA9',100,1,2017,113,'EAP 英文31班','一教309'),(908,'褚彧',100,1,2017,113,'EAP 英文21班','一教408'),(909,'Albert Evans',100,1,2017,113,'EAP 英文6班','一教310'),(910,'CLETBA10',100,1,2017,113,'EAP 英文22班','一教311'),(911,'CLETBA10',100,1,2017,113,'EAP 英文24班','一教411'),(912,'Albert Evans',100,1,2017,113,'EAP 英文10班','一教310'),(913,'AllisonDansie',100,1,2017,134,'科幻小说中的科学 英文1班','一教411'),(914,'AllisonDansie',100,1,2017,134,'科幻小说中的科学 英文2班','一教307'),(915,'程京德',100,1,2017,214,'计算机导论A 英文班','荔园1栋201'),(916,'程京德',100,1,2017,78,'计算机导论B 中英双语班','荔园1栋102'),(917,'程京德',100,1,2017,78,'计算机导论B 英文班','一教110'),(918,'何明昕 朱悦铭',99,1,2017,298,'计算机程序设计基础A 英文班-实验1班','荔园1栋201 荔园6栋402机房'),(919,'何明昕 朱悦铭',100,1,2017,298,'计算机程序设计基础A 英文班-实验2班（国际生）','荔园1栋201 荔园6栋402机房'),(920,'何明昕 赵耀',100,1,2017,298,'计算机程序设计基础A 中英双语1班-实验3班','荔园6栋406机房 荔园1栋101'),(921,'何明昕 赵耀',100,1,2017,298,'计算机程序设计基础A 中英双语2班-实验5班','荔园1栋101 荔园6栋402机房'),(922,'何明昕 朱悦铭',100,1,2017,298,'计算机程序设计基础A 中英双语2班-实验6班','荔园1栋101 荔园6栋404机房'),(923,'何明昕 赵耀',100,1,2017,298,'计算机程序设计基础A 中英双语1班-实验4班','荔园1栋101 荔园6栋402机房'),(924,'刘烨庞',100,1,2017,76,'计算机程序设计基础B 英文班-实验1班','荔园1栋102 荔园6栋402机房'),(925,'',100,1,2017,76,'计算机程序设计基础B 英文班-实验2班','荔园1栋102 荔园6栋406机房'),(926,'沈昀 唐博',100,1,2017,16,'数据结构与算法分析 英文-实验4班（选择计算机专业的学生修读）','荔园1栋102 荔园6栋409机房'),(927,'唐博',100,1,2017,16,'数据结构与算法分析 英文-实验1班（国际生）（选择计算机专业的学生修读）','荔园1栋102 荔园6栋406机房'),(928,'沈昀 唐博',100,1,2017,16,'数据结构与算法分析 英文-实验2班（选择计算机专业的学生修读）','荔园1栋102 荔园6栋402机房'),(929,'沈昀 唐博',100,1,2017,16,'数据结构与算法分析 英文-实验3班（选择计算机专业的学生修读）','荔园1栋102 荔园6栋402机房'),(930,'',100,1,2017,16,'数据结构与算法分析 中英双语班-实验5班（选择计算机专业的学生修读）','荔园6栋403 荔园6栋406机房'),(931,'胡春风 骆宗伟',100,1,2017,161,'数据结构与算法分析B 英文班-实验4班（建议选择非计算机专业学生修读）','荔园1栋102 荔园6栋409机房'),(932,'胡春风 骆宗伟',100,1,2017,161,'数据结构与算法分析B 英文班-实验2班（建议选择非计算机专业学生修读）','荔园1栋102 荔园6栋408机房'),(933,'骆宗伟',100,1,2017,161,'数据结构与算法分析B 英文班-实验英文1班（建议选择非计算机专业学生修读）','荔园1栋102 荔园6栋409机房'),(934,'胡春风 骆宗伟',100,1,2017,161,'数据结构与算法分析B 英文班-实验3班（建议选择非计算机专业学生修读）','荔园1栋102 荔园6栋409机房'),(935,'吴冀衍',100,1,2017,116,'C/C++程序设计 英文班','荔园1栋205 二教205机房'),(936,'GeorgiosTheodoropoulos',100,1,2017,230,'数字逻辑 英文1班-实验1班','荔园2栋102 荔园6栋408机房'),(937,'GeorgiosTheodoropoulos  王薇',100,1,2017,230,'数字逻辑 英文1班-实验2班','荔园2栋102 荔园6栋402机房'),(938,'GeorgiosTheodoropoulos  王薇',100,1,2017,230,'数字逻辑 英文1班-实验3班','荔园2栋102 荔园6栋402机房'),(939,'GeorgiosTheodoropoulos',100,1,2017,230,'数字逻辑 英文2班-实验4班','荔园6栋403 荔园6栋408机房'),(940,'Elvis Sze-Yeung Liu',100,1,2017,106,'计算机系统设计及应用A 英文班','荔园6栋403 荔园6栋409机房'),(941,'史玉回',100,1,2017,109,'嵌入式系统与微机原理 中英双语-实验1班','荔园2栋102 荔园6栋408机房'),(942,'胡春风 史玉回',100,1,2017,109,'嵌入式系统与微机原理 中英双语-实验2班','荔园2栋102 荔园6栋406机房'),(943,'胡春风 史玉回',100,1,2017,109,'嵌入式系统与微机原理 中英双语-实验3班','荔园2栋102 荔园6栋406机房'),(944,'唐珂',100,1,2017,29,'人工智能 英文班-实验英文1班（选择计算机专业学生修读）','荔园1栋101 荔园6栋402机房'),(945,'唐珂 赵耀',100,1,2017,29,'人工智能 英文班-实验2班（选择计算机专业学生修读）','荔园1栋101 荔园6栋402机房'),(946,'唐珂 赵耀',100,1,2017,29,'人工智能 英文班-实验3班（选择计算机专业学生修读）','荔园1栋101 荔园6栋402机房'),(947,'Adam Ghandar',100,1,2017,1,'人工智能B 英文班（建议选择非计算机专业学生修读）','荔园1栋205 荔园6栋406机房'),(948,'王薇 张进',100,1,2017,104,'计算机网络 英文班-实验3班（选择计算机专业或通信工程专业学生修读）','荔园1栋101 二教205机房'),(949,'张进',100,1,2017,104,'计算机网络 英文班-实验1班（国际生）（选择计算机专业或通信工程专业学生修读）','荔园1栋101 二教205机房'),(950,'王薇 张进',100,1,2017,104,'计算机网络 英文班-实验2班（选择计算机专业或通信工程专业学生修读）','荔园1栋101 二教205机房'),(951,'王薇',100,1,2017,229,'计算机网络B 英文班-实验2班（建议选择非计算机专业和非通信工程专业学生修读）','荔园2栋102 二教205机房'),(952,'',100,1,2017,229,'计算机网络B 英文班-实验1班（建议选择非计算机专业和非通信工程专业学生修读）','荔园2栋102 二教205机房'),(953,'张煜群',100,1,2017,202,'面向对象分析与设计 英文班-实验英文1班','荔园1栋101 荔园6栋406机房'),(954,'张煜群 朱悦铭',100,1,2017,202,'面向对象分析与设计 英文班-实验3班','荔园1栋101 荔园6栋404机房'),(955,'张煜群 朱悦铭',100,1,2017,202,'面向对象分析与设计 英文班-实验2班','荔园1栋101 荔园6栋409机房'),(956,'刘烨庞',100,1,2017,328,'计算机科学与技术前沿讲座I 英文班','一教107'),(957,'郝祁',100,1,2017,160,'计算机科学创新实验I 中英双语班',''),(958,'郝祁',100,1,2017,14,'机器学习 中英双语班','荔园6栋403 荔园6栋404机房'),(959,'杨双华',100,1,2017,51,'高级计算机网络与大数据 中英双语班','一教401 荔园6栋406机房'),(960,'Shin Hwei Tan',100,1,2017,167,'软件测试 英文班','荔园6栋403 荔园6栋402机房'),(961,'刘烨庞',100,1,2017,99,'计算机科学与技术前沿讲座 III 中英双语班','一教107'),(962,'郝祁',100,1,2017,289,'计算机科学创新实验III 中英双语班',''),(963,'HisaoIshibuchi',100,1,2017,337,'高级算法 英文班','荔园6栋402机房 荔园6栋403'),(964,'姚新',100,1,2017,44,'高级人工智能 中英双语班','荔园6栋403 荔园6栋406机房'),(965,'Jae Kyu LEE',100,1,2017,24,'电子商务 英文班','一教306'),(966,'叶涛',100,1,2017,11,'电路基础 英文班','荔园2栋203'),(967,'叶涛',100,1,2017,11,'电路基础 中文班','荔园2栋203'),(968,'张青峰',100,1,2017,285,'模拟电路 中文2班','荔园2栋101 荔园2栋101'),(969,'张青峰',100,1,2017,285,'模拟电路 中文1班','荔园2栋101 荔园1栋203'),(970,'张利君',100,1,2017,81,'模拟电路实验 英文班','一教125电子系实验室'),(971,'王小静',100,1,2017,81,'模拟电路实验 中文2班','一教125电子系实验室'),(972,'张利君',100,1,2017,81,'模拟电路实验 中文1班','一教125电子系实验室'),(973,'王小静',100,1,2017,81,'模拟电路实验 中文3班','一教125电子系实验室'),(974,'虞亚军',100,1,2017,38,'数字电路 英文班','荔园1栋206 荔园1栋206'),(975,'庞利会',100,1,2017,127,'数字电路实验 英文班','一教125电子系实验室'),(976,'崔德虎',100,1,2017,73,'固态电子学 中英双语班','荔园1栋102 荔园1栋101'),(977,'陈锐',100,1,2017,73,'固态电子学 英文班','荔园1栋101 荔园1栋101'),(978,'王锐 吴光',100,1,2017,306,'信号和系统 中英双语3班','荔园2栋201 荔园6栋409机房'),(979,'陈放怡 吴光',100,1,2017,306,'信号和系统 中英双语4班','荔园2栋202 荔园6栋409机房'),(980,'陈霏 彭诚',100,1,2017,306,'信号和系统 中英双语1班','荔园2栋201 荔园6栋408机房'),(981,'陈霏 彭诚',100,1,2017,306,'信号和系统 中英双语2班','荔园2栋201 荔园6栋408机房'),(982,'余浩',100,1,2017,201,'现代电子科学与技术前沿讲座I 中英双语班',''),(983,'罗丹 徐琳琳',100,1,2017,192,'光电子技术基础 中英双语1班','一教303 荔园6栋508电子系实验室'),(984,'罗丹 徐琳琳',100,1,2017,192,'光电子技术基础 中英双语2班','荔园6栋508电子系实验室 一教304'),(985,'詹陈长',100,1,2017,121,'集成电路设计 中英双语班','二教201机房 一教302'),(986,'汪飞 蒋苓利',100,1,2017,239,'集成电路工艺原理 英文2班-实验3班','一教304 二教201机房'),(987,'汪飞 蒋苓利',100,1,2017,239,'集成电路工艺原理 英文2班-实验4班','一教304 二教201机房'),(988,'汪飞 蒋苓利',100,1,2017,239,'集成电路工艺原理 英文1班-实验1班','一教303 二教201机房'),(989,'汪飞 蒋苓利',100,1,2017,239,'集成电路工艺原理 英文1班-实验2班','一教303 二教201机房'),(990,'刘毅军 程庆沙',100,1,2017,12,'天线与电波传播 英文班-实验1班','一教301 二教102机房'),(991,'刘毅军 程庆沙',100,1,2017,12,'天线与电波传播 英文班-实验2班','一教301 二教102机房'),(992,'张新海',100,1,2017,40,'半导体光学导论 中英双语班','一教405 一教405'),(993,'王恺 徐琳琳',100,1,2017,158,'光学设计 中文班','一教304 二教202电子系机房'),(994,'贡毅 吴光',100,1,2017,105,'无线通信 中英双语班-实验3班','一教406 二教202电子系机房'),(995,'贡毅 吴光',100,1,2017,105,'无线通信 中英双语班-实验1班','一教406 二教202电子系机房'),(996,'贡毅 吴光',100,1,2017,105,'无线通信 中英双语班-实验2班','一教406 二教202电子系机房'),(997,'刘言军',100,1,2017,235,'电子科学创新实验I 中英双语班',''),(998,'刘欢 于洪宇',100,1,2017,170,'集成电路工艺实践 中文班-实验3班','一教303 检测中心2楼'),(999,'刘欢 于洪宇',100,1,2017,170,'集成电路工艺实践 中文班-实验2班','一教303 检测中心2楼'),(1000,'刘欢 于洪宇',100,1,2017,170,'集成电路工艺实践 中文班-实验1班','一教303 检测中心2楼'),(1001,'庞利会 虞亚军',100,1,2017,50,'数字信号处理 英文班-实验1班','一教301 二教205机房'),(1002,'庞利会 虞亚军',100,1,2017,50,'数字信号处理 英文班-实验2班','一教301 二教205机房'),(1003,'程庆沙',100,1,2017,140,'非线性优化技术 英文班','一教401 二教202电子系机房'),(1004,'张福才 徐琳琳',100,1,2017,54,'信息光学基础 中英双语班','一教305 二教202电子系机房'),(1005,'刘言军',100,1,2017,314,'液晶光电子学 中英双语班','一教401 二科504'),(1006,'Aung Ko KoKYAW',100,1,2017,242,'光伏基础 英文班','一教401 二科504'),(1007,'潘权',100,1,2017,173,'模拟集成电路设计 中英双语班','一教503 二教202电子系机房'),(1008,'蒋苓利',100,1,2017,39,'模拟集成电路版图设计 中英双语班','二教201机房'),(1009,'余浩',100,1,2017,270,'集成电路前沿-微处理器设计 中英双语','一教302 荔园6栋402机房'),(1010,'孙小卫 徐琳琳',100,1,2017,83,'光电仪器设计 中英双语','一教303 荔园6栋508电子系实验室'),(1011,'刘召军',100,1,2017,246,'第三代半导体基础导论 中英双语','一教306 一教306'),(1012,'余浩',100,1,2017,68,'现代电子科学与技术前沿讲座III 中英双语班',''),(1013,'陈树明',100,1,2017,206,'显示与照明技术 中英双语班','一教306'),(1014,'刘言军',100,1,2017,155,'电子科学创新实验III 中英双语班',''),(1015,'王锐',100,1,2017,279,'信息论与编码 中英双语班','一教302'),(1016,'程庆沙 刘毅军',100,1,2017,274,'通信系统设计II 中文班','荔园6栋408机房'),(1017,'时紅建',100,1,2017,277,'图像与视频处理 英文班','一教401 二教201机房'),(1018,'Jaewon Park',100,1,2017,191,'BioMEMS &#97;ndLab-on-a-Chip 英文班','一教401 一教401'),(1019,'蹇林旎',100,1,2017,266,'现代电动汽车技术 中英双语班','荔园2栋101'),(1020,'',100,1,2017,286,'科研创新项目 实践课',''),(1021,'易树平',100,1,2017,150,'地球科学概论 中英双语班','荔园2栋203 荔园2栋203'),(1022,'郑焰',100,1,2017,56,'环境学导论 英文','荔园2栋202'),(1023,'史江红',100,1,2017,87,'环境工程原理 中文','荔园2栋309'),(1024,'夏雨',100,1,2017,147,'环境微生物学 中英双语班','荔园6栋405 荔园6栋405'),(1025,'邓保林',100,1,2017,293,'水处理工程 中英双语班','荔园6栋405 荔园6栋405'),(1026,'熊鹰',100,1,2017,205,'环境科学与工程实验（一） 中文','荔园6栋504环境学院实验室'),(1027,'叶斌',100,1,2017,258,'环境经济学 中英双语班','荔园2栋202 荔园2栋202'),(1028,'裘文慧 熊鹰',100,1,2017,63,'环境微生物实验 中文',''),(1029,'Luke Gibson',100,1,2017,179,'生态学概论 英文','荔园6栋405 荔园6栋405'),(1030,'',100,1,2017,244,'气象气候学 中英双语班','荔园1栋206 荔园1栋206'),(1031,'田勇',100,1,2017,33,'地理信息系统与遥感应用 中文',''),(1032,'史江红',100,1,2017,313,'科技成果表达 中文','荔园1栋205'),(1033,'郭雨蓉 张娟',100,1,2017,20,'中国环境管理的理论与实践 中文','荔园1栋205'),(1034,'刘崇炫',100,1,2017,67,'污染物运移过程 中英双语','荔园2栋206 荔园2栋206'),(1035,'李海龙',100,1,2017,131,'数值模拟方法基础 中文','荔园2栋207 荔园2栋207'),(1036,'王扬',100,1,2017,256,'城市规划导论 中英文','荔园2栋209'),(1037,'WONG MINGHUNG',100,1,2017,241,'生态修复 英文','荔园6栋403 荔园6栋403'),(1038,'何鑫',100,1,2017,27,'流域水文模拟 中英双语',''),(1039,'胡清 史江红',100,1,2017,198,'创新设计课程 中文','一教402 一教402'),(1040,'郑一 熊鹰',100,1,2017,183,'创新设计课程（水资源） 中文','一教303 一教303'),(1041,'陈晓非',100,1,2017,133,'地球与空间科学导论 中英双语班','荔园2栋302 荔园2栋302'),(1042,'张伟',100,1,2017,65,'地球物理学基础I（地震学原理） 中英双语班','荔园2栋309 荔园2栋309'),(1043,'任恒鑫',100,1,2017,260,'地球物理学基础II（地磁地电地热和重力） 中英双语班','荔园2栋309 荔园2栋309'),(1044,'方鑫定',100,1,2017,299,'连续介质力学基础 中英双语班','荔园2栋302 荔园2栋302'),(1045,'刘凯军',100,1,2017,213,'等离子体物理基础 中英双语班','荔园2栋302 荔园2栋302'),(1046,'陈斌',100,1,2017,227,'地球化学 中英双语班','荔园2栋309'),(1047,'杨旭宁',100,1,2017,224,'金融科技案例分析II 中英双语班','荔园1栋102'),(1048,'王赫',100,1,2017,295,'金融风险管理 英文班','荔园2栋205 荔园2栋205'),(1049,'刘鲁川',100,1,2017,41,'人工智能与博弈论 中英双语班','荔园2栋205 荔园2栋205'),(1050,'杜巨澜',100,1,2017,165,'微观经济学 中英双语2班','一教110 一教110'),(1051,'王新杰',100,1,2017,165,'微观经济学 英文班','荔园1栋205 荔园1栋205'),(1052,'杜巨澜',100,1,2017,165,'微观经济学 中英双语1班','一教108 一教108'),(1053,'刘春晖',100,1,2017,319,'财务会计 英文班','荔园2栋202 荔园2栋202'),(1054,'赖舒芳',100,1,2017,319,'财务会计 中英双语班','荔园2栋101 荔园2栋101'),(1055,'何佳',100,1,2017,178,'金融与创业前沿论坛I 中文班','一教107'),(1056,'王新杰',100,1,2017,196,'金融市场与金融机构及其监管体系 中英双语班','荔园1栋201 荔园2栋205'),(1057,'严硕',100,1,2017,196,'金融市场与金融机构及其监管体系 英文班','荔园2栋202 荔园2栋202'),(1058,'刘鲁川',100,1,2017,103,'创业金融I 中英双语班','荔园2栋205 荔园2栋205'),(1059,'赖舒芳',100,1,2017,171,'财务报表分析 英文班','荔园2栋205 荔园2栋205'),(1060,'栗沛沛',100,1,2017,7,'金融投资概论 中英双语班','荔园2栋205 荔园2栋205'),(1061,'栗沛沛',100,1,2017,7,'金融投资概论 英文班','荔园2栋205 荔园2栋205'),(1062,'伍继松',100,1,2017,117,'计量经济学 英文班','荔园2栋206 荔园2栋206'),(1063,'孙便霞',100,1,2017,117,'计量经济学 中英双语班','荔园2栋205 荔园2栋205'),(1064,'孙便霞',100,1,2017,126,'金融时间序列分析 中英双语班','荔园2栋207 荔园2栋207'),(1065,'陈琨',100,1,2017,250,'数据库管理与金融应用 英文班','荔园2栋205 二教102机房'),(1066,'伍继松',100,1,2017,300,'计算金融 中英双语班','荔园6栋407 荔园6栋407'),(1067,'王赫',100,1,2017,268,'投资银行 中英双语班','荔园2栋205 荔园2栋205'),(1068,'杨招军',100,1,2017,168,'金融建模与定价分析 中英双语班','荔园2栋201 荔园2栋201'),(1069,'严硕',100,1,2017,94,'国际金融 中英双语班','荔园2栋206'),(1070,'周倜',100,1,2017,255,'量化投资分析 中英双语班','荔园1栋205 荔园1栋206'),(1071,'杨旭宁',100,1,2017,207,'公司金融案例分析 中文班','荔园2栋205 荔园1栋203'),(1072,'杨燕',100,1,2017,151,'证券投资 中英双语班','一教305 一教305'),(1073,'曾萍萍',100,1,2017,247,'金融风险管理 中英双语班','一教305 一教305'),(1074,'孙志凤',100,1,2017,141,'心理学 中文2班','一教405'),(1075,'孙志凤',100,1,2017,141,'心理学 中文1班','一教405'),(1076,'孙颜',100,1,2017,125,'体育I 基础课10班','田径场'),(1077,'体育外聘教师',100,1,2017,125,'体育I 基础课12班','田径场'),(1078,'魏伟成',100,1,2017,125,'体育I 基础课11班','田径场'),(1079,'孙颜',100,1,2017,125,'体育I 基础课13班','田径场'),(1080,'体育外聘教师',100,1,2017,125,'体育I 基础课15班','田径场'),(1081,'魏伟成',100,1,2017,125,'体育I 基础课14班','田径场'),(1082,'孙颜',100,1,2017,125,'体育I 基础课16班','田径场'),(1083,'体育外聘教师',100,1,2017,125,'体育I 基础课18班','田径场'),(1084,'魏伟成',100,1,2017,125,'体育I 基础课17班','田径场'),(1085,'孙颜',100,1,2017,125,'体育I 基础课19班','田径场'),(1086,'体育外聘教师',100,1,2017,125,'体育I 基础课21班','田径场'),(1087,'魏伟成',100,1,2017,125,'体育I 基础课20班','田径场'),(1088,'体育外聘教师',100,1,2017,125,'体育I 基础课23班','田径场'),(1089,'体育外聘教师',100,1,2017,125,'体育I 基础课24班','田径场'),(1090,'赵飞',100,1,2017,125,'体育I 基础课22班','田径场'),(1091,'孙颜',100,1,2017,125,'体育I 基础课25班','田径场'),(1092,'体育外聘教师',100,1,2017,125,'体育I 基础课27班','田径场'),(1093,'魏伟成',100,1,2017,125,'体育I 基础课26班','田径场'),(1094,'孙颜',100,1,2017,125,'体育I 基础课28班','田径场'),(1095,'体育外聘教师',100,1,2017,125,'体育I 基础课30班','田径场'),(1096,'魏伟成',100,1,2017,125,'体育I 基础课29班','田径场'),(1097,'体育外聘教师',100,1,2017,125,'体育I 基础课33班','田径场'),(1098,'体育外聘教师',100,1,2017,125,'体育I 基础课32班','田径场'),(1099,'赵飞',100,1,2017,125,'体育I 基础课31班','田径场'),(1100,'体育外聘教师',100,1,2017,125,'体育I 基础课36班','田径场'),(1101,'体育外聘教师',100,1,2017,125,'体育I 基础课35班','田径场'),(1102,'赵飞',100,1,2017,125,'体育I 基础课34班','田径场'),(1103,'体育外聘教师',100,1,2017,125,'体育I 基础课2班','田径场'),(1104,'体育外聘教师',100,1,2017,125,'体育I 基础课3班','田径场'),(1105,'赵飞',100,1,2017,125,'体育I 基础课1班','田径场'),(1106,'体育外聘教师',100,1,2017,125,'体育I 基础课6班','田径场'),(1107,'体育外聘教师',100,1,2017,125,'体育I 基础课5班','田径场'),(1108,'赵飞',100,1,2017,125,'体育I 基础课4班','田径场'),(1109,'体育外聘教师',100,1,2017,125,'体育I 基础课9班','田径场'),(1110,'体育外聘教师',100,1,2017,125,'体育I 基础课8班','田径场'),(1111,'赵飞',100,1,2017,125,'体育I 基础课7班','田径场'),(1112,'王捷',100,1,2017,72,'市场营销管理 中文班','一教303'),(1113,'王捷',100,1,2017,276,'创业管理 中文班','一教303'),(1114,'董伦红',100,1,2017,186,'体育III 运动与体能1班','田径场'),(1115,'白波',100,1,2017,186,'体育III 网球1班','网球场'),(1116,'何紫琳',100,1,2017,186,'体育III 乒乓球3班','乒乓球馆'),(1117,'赖莎',100,1,2017,186,'体育III 健美操1班','沿湖书院舞蹈房'),(1118,'赵一品',100,1,2017,186,'体育III 足球3班','足球场'),(1119,'侯思宇',100,1,2017,186,'体育III 排球1班','排球场'),(1120,'赖莎',100,1,2017,186,'体育III 健美操2班','沿湖书院舞蹈房'),(1121,'白波',100,1,2017,186,'体育III 网球2班','网球场'),(1122,'董伦红',100,1,2017,186,'体育III 运动与体能2班','田径场'),(1123,'侯思宇',100,1,2017,186,'体育III 排球2班','排球场'),(1124,'赵一品',100,1,2017,186,'体育III 羽毛球1班','羽毛球场1'),(1125,'何紫琳',100,1,2017,186,'体育III 乒乓球4班','乒乓球馆'),(1126,'董伦红',100,1,2017,186,'体育III 羽毛球3班','羽毛球场1'),(1127,'何紫琳',100,1,2017,186,'体育III 乒乓球5班','乒乓球馆'),(1128,'赖莎',100,1,2017,186,'体育III 体育舞蹈3班','沿湖书院舞蹈房'),(1129,'体育外聘教师',100,1,2017,186,'体育III 棒球','棒球场'),(1130,'赵一品',100,1,2017,186,'体育III 羽毛球2班','羽毛球场1'),(1131,'体育外聘教师',100,1,2017,186,'体育III 跆拳道','教工羽毛球场'),(1132,'董伦红',100,1,2017,186,'体育III 羽毛球4班','羽毛球场1'),(1133,'赖莎',100,1,2017,186,'体育III 体育舞蹈1班','沿湖书院舞蹈房'),(1134,'赵一品',100,1,2017,186,'体育III 足球4班','足球场'),(1135,'白波',100,1,2017,186,'体育III 网球3班','网球场'),(1136,'侯思宇',100,1,2017,186,'体育III 篮球3班','篮球场'),(1137,'体育外聘教师',100,1,2017,186,'体育III 定向越野','田径场'),(1138,'白波',100,1,2017,186,'体育III 网球4班','网球场'),(1139,'侯思宇',100,1,2017,186,'体育III 排球3班','排球场'),(1140,'白波',100,1,2017,186,'体育III 网球5班','网球场'),(1141,'赖莎',100,1,2017,186,'体育III 体育舞蹈2班','沿湖书院舞蹈房'),(1142,'赖莎',100,1,2017,186,'体育III 健美操3班','沿湖书院舞蹈房'),(1143,'白波',100,1,2017,186,'体育III 网球6班','网球场'),(1144,'何紫琳',100,1,2017,186,'体育III 乒乓球1班','乒乓球馆'),(1145,'何紫琳',100,1,2017,186,'体育III 乒乓球2班','乒乓球馆'),(1146,'赵一品',100,1,2017,186,'体育III 足球1班','足球场'),(1147,'何紫琳',100,1,2017,186,'体育III 乒乓球6班','乒乓球馆'),(1148,'侯思宇',100,1,2017,186,'体育III 篮球1班','篮球场'),(1149,'赵一品',100,1,2017,186,'体育III 足球2班','足球场'),(1150,'侯思宇',100,1,2017,186,'体育III 篮球2班','篮球场'),(1151,'张之沧',100,1,2017,2,'科学技术哲学 中文2班','一教404'),(1152,'张之沧',100,1,2017,2,'科学技术哲学 中文1班','一教404'),(1153,'马兰',100,1,2017,209,'生活教育 英文2班','一教403'),(1154,'马兰',100,1,2017,209,'生活教育 中英双语1班','一教403'),(1155,'张之沧',100,1,2017,89,'身体美学 中文班','一教403'),(1156,'孙志凤',100,1,2017,98,'人格塑造十五讲 中文1班','一教405'),(1157,'孙志凤',100,1,2017,98,'人格塑造十五讲 中文2班','一教404'),(1158,'孙志凤',100,1,2017,98,'人格塑造十五讲 中文3班','一教404'),(1159,'徐嗣群',100,1,2017,148,'沟通技巧 英文1班','一教407'),(1160,'皮晟',100,1,2017,283,'乐理与视唱练耳 中文2班','一教506'),(1161,'皮晟',100,1,2017,283,'乐理与视唱练耳 中文1班','一教506'),(1162,'艺术中心外聘老师',100,1,2017,157,'西方音乐史 中文班','一教302'),(1163,'柯娓 艺术中心外聘老师',100,1,2017,143,'美术鉴赏 中文班','一教302'),(1164,'毕宝仪',100,1,2017,86,'艺术与科学大讲堂 中文班','教工之家'),(1165,'纪涛',100,1,2017,294,'嗓音肌理及运用 中文2班','教工之家'),(1166,'纪涛',100,1,2017,294,'嗓音肌理及运用 中文1班','教工之家'),(1167,'纪涛',100,1,2017,45,'中国区域民歌 中文2班','教工之家'),(1168,'纪涛',100,1,2017,45,'中国区域民歌 中文1班','教工之家'),(1169,'皮晟',100,1,2017,10,'中国戏曲美学 中文1班','一教502'),(1170,'皮晟',100,1,2017,10,'中国戏曲美学 中文2班','一教502'),(1171,'孙光军',100,1,2017,132,'cubase软件运用与创编 中文班','荔园6栋404机房'),(1172,'艺术中心外聘老师 柯娓',100,1,2017,115,'工笔花鸟 中文班','一教502'),(1173,'艺术中心外聘老师',100,1,2017,308,'录音中的钢琴演奏艺术 中文班','教工之家'),(1174,'赵建华',100,1,2017,119,'研究方法导论 中英双语','荔园1栋205'),(1175,'李铭',100,1,2017,64,'深圳故事 中文班','一教405'),(1176,'陈跃红',100,1,2017,95,'人文名家专题系列课程 中文班','一教108'),(1177,'唐克扬',100,1,2017,136,'空间中的美术史 中文班','荔园2栋101'),(1178,'李蓝',100,1,2017,49,'中文写作与语言认知（语言与语言学） 中文班','一教302'),(1179,'人文外聘老师',100,1,2017,323,'《孙子兵法》与中国兵学文化 中文班','一教401'),(1180,'吴岩',100,1,2017,35,'科幻：从小说到电影 中文班','一教107'),(1181,'人文外聘老师',100,1,2017,75,'科幻创作 中文班','一教401'),(1182,'人文外聘老师',100,1,2017,257,'先秦思想文化 中文班','一教403'),(1183,'钱艾琳',100,1,2017,31,'走近《一千零一夜》 中文班','一教302'),(1184,'人文外聘老师',100,1,2017,324,'朗读与演讲 中文班','一教506'),(1185,'人文外聘老师',100,1,2017,197,'岭南文化与岭南方言 中文班','一教305'),(1186,'吴岩',100,1,2017,23,'想象力入门 中文班','一教305'),(1187,'人文外聘老师',100,1,2017,288,'科学与文明史概论 中文班','一教502'),(1188,'人文外聘老师',100,1,2017,316,'新媒体艺术空间设计基础 中文班','一教306'),(1189,'刘洋',100,1,2017,88,'写作与交流 中文7班','一教404'),(1190,'杨果',100,1,2017,88,'写作与交流 中文4班','荔园2栋301'),(1191,'杨莉',100,1,2017,88,'写作与交流 中文12班','一教401'),(1192,'刘洋',100,1,2017,88,'写作与交流 中文8班','一教402'),(1193,'人文外聘老师',100,1,2017,88,'写作与交流 中文14班','一教401'),(1194,'钱艾琳',100,1,2017,88,'写作与交流 中文13班','荔园1栋202'),(1195,'杨果',100,1,2017,88,'写作与交流 中文1班','荔园2栋301'),(1196,'杨莉',100,1,2017,88,'写作与交流 中文9班','一教302'),(1197,'刘洋',100,1,2017,88,'写作与交流 中文5班','一教404'),(1198,'杨果',100,1,2017,88,'写作与交流 中文2班','荔园2栋301'),(1199,'杨莉',100,1,2017,88,'写作与交流 中文10班','一教402'),(1200,'刘洋',100,1,2017,88,'写作与交流 中文6班','一教405'),(1201,'杨果',100,1,2017,88,'写作与交流 中文3班','荔园2栋301'),(1202,'杨莉',100,1,2017,88,'写作与交流 中文11班','一教402'),(1203,'刘科',100,1,2017,273,'创新创业大讲堂 中文班','一科报告厅'),(1204,'张冬',100,1,2017,340,'机电系统设计与创新实践 中文班','创园1栋1楼青创空间'),(1205,'张冬',100,1,2017,329,'创业思维与实践 中文班','创园1栋1楼青创空间'),(1206,'创新创业学院外聘老师',100,1,2017,97,'整合与创新设计 中英双语班','一教405'),(1207,'祖嘉合',100,1,2017,84,'思想道德修养与法律基础 中文1班','荔园1栋101'),(1208,'祖嘉合',100,1,2017,84,'思想道德修养与法律基础 中文2班','荔园2栋101'),(1209,'祖嘉合',100,1,2017,84,'思想道德修养与法律基础 中文3班','荔园1栋101'),(1210,'帅松林',100,1,2017,84,'思想道德修养与法律基础 中文4班','荔园2栋102'),(1211,'帅松林',100,1,2017,84,'思想道德修养与法律基础 中文5班','荔园2栋102'),(1212,'帅松林',100,1,2017,84,'思想道德修养与法律基础 中文6班','荔园2栋102'),(1213,'',100,1,2017,71,'马克思主义基本原理概论 中文4班','荔园2栋307'),(1214,'',100,1,2017,71,'马克思主义基本原理概论 中文5班','荔园2栋307'),(1215,'',99,1,2017,71,'马克思主义基本原理概论 中文6班','荔园2栋308'),(1216,'',100,1,2017,71,'马克思主义基本原理概论 中文7班','荔园2栋306'),(1217,'',100,1,2017,71,'马克思主义基本原理概论 中文8班','荔园2栋306'),(1218,'张守民',100,1,2017,71,'马克思主义基本原理概论 中文1班','荔园1栋203'),(1219,'张守民',100,1,2017,71,'马克思主义基本原理概论 中文2班','荔园1栋203'),(1220,'张守民',100,1,2017,71,'马克思主义基本原理概论 中文3班','荔园1栋203'),(1221,'乐正',100,1,2017,225,'中国近现代史纲要 中文4班','荔园1栋102'),(1222,'乐正',100,1,2017,225,'中国近现代史纲要 中文5班','荔园1栋102'),(1223,'李翔',100,1,2017,225,'中国近现代史纲要 中文3班','荔园2栋101'),(1224,'李翔',100,1,2017,225,'中国近现代史纲要 中文1班','荔园1栋101'),(1225,'李翔',100,1,2017,225,'中国近现代史纲要 中文2班','荔园2栋101'),(1226,'张涛',100,1,2017,222,'毛泽东思想和中国特色社会主义理论体系概论 中文2班','荔园1栋102 荔园1栋102'),(1227,'张涛',100,1,2017,222,'毛泽东思想和中国特色社会主义理论体系概论 中文1班','荔园1栋201 荔园1栋201'),(1228,'张涛',100,1,2017,222,'毛泽东思想和中国特色社会主义理论体系概论 中文3班','荔园1栋101 荔园1栋101'),(1229,'李翔',100,1,2017,48,'形势与政策 中文3班','荔园2栋101'),(1230,'',100,1,2017,48,'形势与政策 中文7班','荔园2栋308'),(1231,'李翔',100,1,2017,48,'形势与政策 中文4班','荔园1栋201'),(1232,'李翔',100,1,2017,48,'形势与政策 中文1班','荔园1栋201'),(1233,'乐正',100,1,2017,48,'形势与政策 中文5班','荔园1栋102'),(1234,'乐正',100,1,2017,48,'形势与政策 中文6班','荔园1栋101'),(1235,'王德军',100,1,2017,48,'形势与政策 中文2班','荔园2栋102'),(1236,'马富明',100,1,2017,296,'数学分析I 中英双语1班-习题1班','一教111 一教111 一教303'),(1237,'马富明',100,1,2017,296,'数学分析I 中英双语1班-习题2班','一教111 一教111 一教304'),(1238,'吴纪桃',100,1,2017,296,'数学分析I 中英双语2班-习题3班','一教111 一教111 荔园2栋309'),(1239,'吴纪桃',100,1,2017,296,'数学分析I 中英双语2班-习题4班','一教111 一教111 荔园2栋309'),(1240,'花永霞',99,1,2017,309,'高等数学（上）A 中英双语4班-习题8班','一教108 一教302 一教108'),(1241,'王融',100,1,2017,309,'高等数学（上）A 中英双语6班-习题12班','荔园1栋203 荔园2栋203 荔园1栋203'),(1242,'吴纪桃',100,1,2017,309,'高等数学（上）A 中英双语5班-习题10班','一教301 一教405 一教301'),(1243,'杨柳青',100,1,2017,309,'高等数学（上）A 中英双语7班-习题14班','荔园1栋201 荔园2栋202 荔园1栋201'),(1244,'欧阳天成',100,1,2017,309,'高等数学（上）A 英文3班-习题23班','一教111 一教406 一教306'),(1245,'欧阳天成',100,1,2017,309,'高等数学（上）A 英文3班-习题24班','一教111 一教406 一教301'),(1246,'MariaAlejandraRodriguez',100,1,2017,309,'高等数学（上）A 英文2班-习题21班','荔园2栋308 荔园2栋206 荔园2栋205'),(1247,'陈懿茂',100,1,2017,309,'高等数学（上）A 中英双语9班-习题17班','荔园2栋302 一教306 一教306'),(1248,'花永霞',100,1,2017,309,'高等数学（上）A 英文1班-习题19班','一教305 一教301 一教301'),(1249,'吴纪桃',100,1,2017,309,'高等数学（上）A 中英双语8班-习题15班','一教302 一教108 一教108'),(1250,'MariaAlejandraRodriguez',100,1,2017,309,'高等数学（上）A 英文2班-习题22班','荔园2栋205 荔园2栋206 荔园2栋307'),(1251,'陈懿茂',100,1,2017,309,'高等数学（上）A 中英双语9班-习题18班','一教306 一教306 荔园2栋308'),(1252,'花永霞',100,1,2017,309,'高等数学（上）A 英文1班-习题20班','一教301 一教301 一教402'),(1253,'吴纪桃',100,1,2017,309,'高等数学（上）A 中英双语8班-习题16班','一教108 一教108 一教305'),(1254,'苏琳琳',100,1,2017,309,'高等数学（上）A 中英双语3班-习题5班','一教306 荔园2栋308 一教306'),(1255,'王融',100,1,2017,309,'高等数学（上）A 中英双语1班-习题1班','一教301 一教305 荔园2栋205'),(1256,'杨柳青',100,1,2017,309,'高等数学（上）A 中英双语2班-习题3班','一教108 一教402 一教108'),(1257,'苏琳琳',100,1,2017,309,'高等数学（上）A 中英双语3班-习题6班','一教306 荔园2栋308 一教306'),(1258,'王融',100,1,2017,309,'高等数学（上）A 中英双语1班-习题2班','一教301 一教305 荔园2栋205'),(1259,'杨柳青',100,1,2017,309,'高等数学（上）A 中英双语2班-习题4班','一教108 一教402 一教108'),(1260,'花永霞',100,1,2017,309,'高等数学（上）A 中英双语4班-习题7班','一教305 一教108 一教108'),(1261,'王融',100,1,2017,309,'高等数学（上）A 中英双语6班-习题11班','荔园2栋206 荔园1栋203 荔园1栋203'),(1262,'吴纪桃',100,1,2017,309,'高等数学（上）A 中英双语5班-习题9班','一教402 一教301 一教301'),(1263,'杨柳青',100,1,2017,309,'高等数学（上）A 中英双语7班-习题13班','荔园2栋309 荔园1栋201 荔园1栋201'),(1264,'Viktor',100,1,2017,162,'高等数学（下）A 英文班','荔园2栋206 一教303 一教303'),(1265,'张晓妮',100,1,2017,162,'高等数学（下）A 中文班','一教306 一教306 一教306'),(1266,'陈懿茂',100,1,2017,110,'线性代数I-A 英文2班-习题22班','一教110 荔园6栋403 一教110'),(1267,'何炳生',99,1,2017,110,'线性代数I-A 中英双语6班-习题12班','一教506 荔园6栋405 一教506'),(1268,'杨将',100,1,2017,110,'线性代数I-A 中英双语4班-习题8班','一教111 一教403 一教111'),(1269,'姚静',100,1,2017,110,'线性代数I-A 中英双语5班-习题10班','一教107 荔园1栋202 一教107'),(1270,'李展',100,1,2017,110,'线性代数I-A 中英双语8班-习题15班','荔园2栋301 一教111 一教111'),(1271,'杨佳刚',100,1,2017,110,'线性代数I-A 中英双语9班-习题17班','一教402 一教110 一教110'),(1272,'姚静',100,1,2017,110,'线性代数I-A 中英双语7班-习题13班','荔园2栋306 一教107 一教107'),(1273,'李展',100,1,2017,110,'线性代数I-A 中英双语8班-习题16班','一教111 一教111 荔园1栋202'),(1274,'杨佳刚',100,1,2017,110,'线性代数I-A 中英双语9班-习题18班','一教110 一教110 一教405'),(1275,'姚静',100,1,2017,110,'线性代数I-A 中英双语7班-习题14班','一教107 一教107 荔园2栋306'),(1276,'陈懿茂',100,1,2017,110,'线性代数I-A 英文1班-习题19班','一教107 荔园2栋307 一教107'),(1277,'何炳生',100,1,2017,110,'线性代数I-A 中英双语2班-习题3班','一教506 荔园2栋201 一教506'),(1278,'花永霞',100,1,2017,110,'线性代数I-A 中英双语3班-习题5班','一教111 荔园2栋302 一教111'),(1279,'李才恒',100,1,2017,110,'线性代数I-A 中英双语1班-习题1班','一教110 一教405 一教110'),(1280,'陈懿茂',100,1,2017,110,'线性代数I-A 英文1班-习题20班','一教107 荔园2栋306 一教107'),(1281,'何炳生',100,1,2017,110,'线性代数I-A 中英双语2班-习题4班','一教506 荔园2栋201 一教506'),(1282,'花永霞',100,1,2017,110,'线性代数I-A 中英双语3班-习题6班','一教111 荔园2栋307 一教111'),(1283,'李才恒',100,1,2017,110,'线性代数I-A 中英双语1班-习题2班','一教110 一教401 一教110'),(1284,'陈懿茂',100,1,2017,110,'线性代数I-A 英文2班-习题21班','荔园6栋403 一教110 一教110'),(1285,'何炳生',100,1,2017,110,'线性代数I-A 中英双语6班-习题11班','荔园6栋405 一教506 一教506'),(1286,'杨将',100,1,2017,110,'线性代数I-A 中英双语4班-习题7班','一教405 一教111 一教111'),(1287,'姚静',100,1,2017,110,'线性代数I-A 中英双语5班-习题9班','荔园1栋205 一教107 一教107'),(1288,'杨燕',100,1,2017,169,'线性代数I-B 中英双语班-习题3班','荔园2栋307 一教506 一教506'),(1289,'杨燕',100,1,2017,169,'线性代数I-B 中英双语班-习题4班','一教506 一教506 荔园2栋301'),(1290,'杨燕',100,1,2017,169,'线性代数I-B 英文班-实验1班','一教406 荔园2栋306 一教406'),(1291,'杨燕',100,1,2017,169,'线性代数I-B 英文班-实验2班','一教406 荔园2栋301 一教406'),(1292,'Hou Yong',100,1,2017,3,'线性代数II 英文班','荔园2栋203 荔园2栋202 荔园2栋203'),(1293,'Raul Ures',100,1,2017,326,'常微分方程B 英文班','一教107 一教107 一教108'),(1294,'马富明',100,1,2017,315,'数学分析III 中英双语2班-习题4班','一教304 荔园2栋206 荔园2栋206'),(1295,'王融',100,1,2017,315,'数学分析III 中文1班-习题1班','一教301 一教301 一教303'),(1296,'王融',100,1,2017,315,'数学分析III 中文1班-习题2班','一教301 一教301 一教304'),(1297,'马富明',100,1,2017,315,'数学分析III 中英双语2班-习题3班','一教304 荔园2栋206 荔园2栋206'),(1298,'陈安岳',100,1,2017,79,'应用随机过程 中英双语班','一教402 一教402'),(1299,'胡勇',100,1,2017,287,'初等数论 中英双语班','一教406 一教406'),(1300,'杨丽丽',100,1,2017,292,'概率论与数理统计 英文1班-习题2班','荔园2栋202 一教306 一教306'),(1301,'杨丽丽',100,1,2017,292,'概率论与数理统计 英文1班-习题1班','荔园2栋203 一教306 一教306'),(1302,'',100,1,2017,292,'概率论与数理统计 英文2班-习题4班','一教301 一教301 一教301'),(1303,'',100,1,2017,292,'概率论与数理统计 英文2班-习题3班','一教301 荔园6栋407 一教301'),(1304,'姚静',100,1,2017,292,'概率论与数理统计 中英双语1班-习题5班','一教107 荔园2栋205 一教107'),(1305,'张晓妮',100,1,2017,292,'概率论与数理统计 中英双语2班-习题9班','荔园1栋102 荔园2栋102 荔园1栋203'),(1306,'姚静',100,1,2017,292,'概率论与数理统计 中英双语1班-习题6班','一教107 荔园2栋203 一教107'),(1307,'姚静',100,1,2017,292,'概率论与数理统计 中英双语1班-习题7班','一教107 一教303 一教107'),(1308,'姚静',100,1,2017,292,'概率论与数理统计 中英双语1班-习题8班','一教107 一教304 一教107'),(1309,'王学锋',100,1,2017,58,'数学分析精讲 英文-习题1班','一教301 荔园2栋309 一教301'),(1310,'王学锋',100,1,2017,58,'数学分析精讲 英文-习题2班','一教301 荔园2栋309 一教301'),(1311,'陈安岳',100,1,2017,341,'概率论 中英双语1班-习题2班','一教111 荔园2栋202 一教111'),(1312,'陈安岳',100,1,2017,341,'概率论 中英双语1班-习题1班','一教111 荔园2栋201 一教111'),(1313,'陈安岳',100,1,2017,341,'概率论 中英双语2班-习题3班','一教111 荔园2栋302 一教111'),(1314,'陈安岳',100,1,2017,341,'概率论 中英双语2班-习题4班','一教111 荔园2栋302 一教111'),(1315,'李景治',100,1,2017,219,'计算金融 中英双语班','荔园2栋203 荔园2栋203'),(1316,'古嘉雯',100,1,2017,114,'非寿险精算 中英双语班','一教305 一教305'),(1317,'欧阳天成',100,1,2017,236,'实变函数 中英双语班','一教107 一教107'),(1318,'王勇',100,1,2017,221,'偏微分方程 中英双语班','一教406 一教111'),(1319,'杨将',100,1,2017,301,'数值分析 中英双语班','一教305 一教305'),(1320,'蒋学军',100,1,2017,120,'时间序列分析 中英双语班','一教506 一教506'),(1321,'蔡敬衡',100,1,2017,18,'试验设计 中英双语','荔园2栋101 荔园2栋201'),(1322,'李勤',100,1,2017,17,'群表示论 中英双语班','荔园2栋206 荔园2栋206'),(1323,'朱一飞',100,1,2017,59,'拓扑学 中英双语班','一教305 一教305'),(1324,'周敏',100,1,2017,129,'统计线性模型 中英双语班','一教402 一教402'),(1325,'MariaAlejandraRodriguez',100,1,2017,212,'动力系统 英文班','荔园6栋405 荔园6栋405'),(1326,'黄克服',100,1,2017,182,'理论力学I 中文班（选择理论与应用力学专业学生修读）','荔园6栋405 荔园6栋405'),(1327,'洪伟',100,1,2017,189,'理论力学I-B 英文班（选择非理论与应用力学专业学生修读）','荔园2栋101 荔园2栋101'),(1328,'许振宇',100,1,2017,181,'航空航天与力学概论 中文班','荔园2栋203'),(1329,'力学外聘老师',100,1,2017,278,'航空发动机概论 中文班','荔园2栋205'),(1330,'邓巍巍',100,1,2017,53,'工程流体力学 中英双语班（选择非理论与应用力学专业学生修读）','荔园2栋202 荔园2栋203'),(1331,'万敏平',100,1,2017,204,'流体力学 英文班（选择理论与应用力学专业学生修读）','荔园1栋207 荔园1栋207'),(1332,'黄仕迪',100,1,2017,5,'工程热力学 中文班','荔园2栋206 荔园2栋206'),(1333,'刘轶军',100,1,2017,252,'航空结构强度 中英双语班','荔园1栋207 荔园1栋207'),(1334,'余鹏',100,1,2017,6,'输运现象原理 英文班','荔园1栋201 荔园1栋203'),(1335,'力学外聘老师',100,1,2017,60,'航空叶轮机原理 中文班','荔园2栋308 荔园2栋308'),(1336,'王浩',100,1,2017,325,'航空飞行器动力学 英文班','荔园1栋207 荔园1栋207'),(1337,'韩品连',100,1,2017,122,'航空发动机结构与强度 英文班','荔园1栋207 慧园5栋304力学实验室'),(1338,'王敏',100,1,2017,176,'固体力学实验 中文班','慧园5栋510力学实验室 慧园5栋508力学系实验室'),(1339,'王建春',100,1,2017,211,'空气动力学 中文班','荔园1栋207 荔园1栋207'),(1340,'王敏',100,1,2017,220,'复合材料力学 中英双语班','荔园1栋207 荔园1栋207'),(1341,'邓巍巍',100,1,2017,145,'科技创新项目（创新与创业） 中文班',''),(1342,'邱雁南',100,1,2017,265,'代数（研究生） 中英双语班','荔园2栋203 荔园2栋203'),(1343,'苏琳琳',100,1,2017,30,'测度论与积分（研究生） 中英双语班','一教304 一教304'),(1344,'张振',100,1,2017,28,'应用数学方法（研究生） 中英双语班','一教304 一教304'),(1345,'蒋学军',100,1,2017,100,'高等统计学（研究生） 中英双语班','一教403 一教403'),(1346,'王学锋',100,1,2017,174,'偏微分方程(下) 中英双语班','荔园2栋302 荔园2栋302'),(1347,'田国梁',100,1,2017,331,'计算统计 中英双语班','荔园1栋102 荔园1栋102'),(1348,'陈继勇',100,1,2017,142,'代数专题-群论 中英双语班','一教303 一教303'),(1349,'胡勇',100,1,2017,124,'代数曲线 中英双语班','一教304 一教304'),(1350,'AlexanderKurganov',100,1,2017,194,'科学计算 中英双语班','荔园1栋202 荔园1栋202'),(1351,'熊捷',100,1,2017,184,'现代概率论 中英双语班','荔园2栋208 荔园2栋208'),(1352,'魏艳 黄业绪',100,1,2017,215,'CAD与工程制图 中英双语实验3班','荔园1栋101 荔园6栋404机房'),(1353,'魏艳 黄业绪',100,1,2017,215,'CAD与工程制图 中英双语实验4班','荔园1栋101 荔园6栋404机房'),(1354,'魏艳 肖啸川',100,1,2017,215,'CAD与工程制图 英文班实验2班','荔园1栋101 荔园6栋404机房'),(1355,'魏艳 肖啸川',100,1,2017,215,'CAD与工程制图 英文班实验1班','荔园1栋101 荔园6栋404机房'),(1356,'路冬 曾千里',100,1,2017,321,'制造工程认知实践 中英双语班-实验1班','荔园1栋205 慧园2栋一楼'),(1357,'路冬 黄渊建',100,1,2017,321,'制造工程认知实践 中英双语班-实验2班','荔园1栋205 慧园2栋一楼'),(1358,'魏艳',100,1,2017,216,'高等图形学与CAD 中英双语','荔园6栋404机房 荔园6栋404机房'),(1359,'郑裕基 曾千里',100,1,2017,223,'动力学与机械振动 英文班','荔园6栋509机械实验室 荔园2栋202'),(1360,'邓辉',100,1,2017,8,'机械制造基础 中英双语班','荔园6栋405 荔园6栋405'),(1361,'宋超阳',100,1,2017,107,'机械设计基础 中英双语班','荔园6栋407 荔园6栋407'),(1362,'',100,1,2017,55,'能源工程基础 中英双语班','荔园2栋206'),(1363,'张冬 黄渊建',100,1,2017,310,'创新设计实践 中英双语班','荔园6栋403'),(1364,'郑裕基 黄业绪',100,1,2017,47,'控制工程基础 英文班','荔园6栋507机械实验室 荔园1栋205'),(1365,'路冬',100,1,2017,297,'制造过程仿真与数据分析 中英双语','荔园2栋205'),(1366,'吴勇波',100,1,2017,237,'复合制造技术前沿 中英双语','荔园1栋205 荔园1栋205'),(1367,'郭亮',100,1,2017,332,'先进激光加工与检测技术 中英双语','荔园1栋202 荔园1栋202'),(1368,'柯文德',100,1,2017,159,'信号分析 中英双语班','荔园2栋201 荔园6栋507机械实验室'),(1369,'柯文德',100,1,2017,334,'智能机器人技术 中英双语班','荔园1栋205 荔园6栋507机械实验室'),(1370,'黄渊建',100,1,2017,282,'创新设计理论与实践 中英双语班','荔园2栋207 荔园2栋207'),(1371,'徐少林',100,1,2017,233,'精密加工技术 中英双语班','荔园1栋205 荔园1栋205'),(1372,'王海江',100,1,2017,280,'化学燃料电池技术 中英双语班','荔园6栋407 荔园6栋407'),(1373,'张巍',100,1,2017,152,'现代控制与最优估计 英文班','荔园2栋303 荔园2栋303'),(1374,'杨再跃',100,1,2017,335,'工程优化基础 中英双语','荔园2栋306 荔园2栋306'),(1375,'付成龙',100,1,2017,238,'机器人与仿生学 中英双语班','荔园6栋407 荔园6栋407'),(1376,'白家鸣',100,1,2017,303,'增材制造与设计 中英双语班','荔园6栋405 荔园6栋405'),(1377,'朱强',100,1,2017,234,'材料失效与断裂力学 中英双语班','荔园6栋405 荔园6栋405'),(1378,'袁文桥',100,1,2017,284,'新能源技术：生物能源工程 英文班','荔园2栋202 荔园2栋202'),(1379,'医学院外聘老师',100,1,2017,108,'预防医学 中英双语1班','一教302'),(1380,'医学院外聘老师',100,1,2017,108,'预防医学 中英双语2班','一教302'),(1381,'医学院外聘老师',100,1,2017,34,'生理学与病理生理学 I 中英双语班','荔园2栋301 荔园2栋301'),(1382,'医学院外聘老师',100,1,2017,336,'组织学与胚胎学 中英双语班',''),(1383,'廖成竹 卢周广 李慧丽',100,1,2017,154,'材料科学基础 英文1班-实验1班（实验课每次都计入期末成绩，且没有补课）','一教404 荔园2栋503 一教404'),(1384,'廖成竹 卢周广 明静',100,1,2017,154,'材料科学基础 英文1班-实验2班（实验课每次都计入期末成绩，且没有补课。）','一教404 荔园2栋503 一教404'),(1385,'孙大陟 廖成竹 李艳艳',100,1,2017,154,'材料科学基础 英文2班-实验3班（实验课每次都计入期末成绩，且没有补课）','一教404 荔园2栋503 一教404'),(1386,'孙大陟 廖成竹 程化',100,1,2017,154,'材料科学基础 英文2班-实验4班（实验课每次都计入期末成绩，且没有补课）','一教404 荔园2栋503 一教404'),(1387,'廖成竹 郭传飞 叶飞',100,1,2017,154,'材料科学基础 英文3班-实验5班（实验课每次都计入期末成绩，且没有补课）','荔园2栋503 荔园1栋202'),(1388,'廖成竹 郭传飞 叶飞',100,1,2017,154,'材料科学基础 英文3班-实验6班（实验课每次都计入期末成绩，且没有补课）','荔园1栋202 荔园2栋503 荔园1栋202'),(1389,'程春',100,1,2017,9,'晶体学 中英双语1班','荔园1栋205'),(1390,'程春',100,1,2017,9,'晶体学 中英双语2班','荔园1栋205'),(1391,'何祝兵',100,1,2017,200,'工程电路与电子基础 中文2班','一教406 一教406'),(1392,'何祝兵',100,1,2017,200,'工程电路与电子基础 中文1班','一教406 一教406'),(1393,'田雷蕾',100,1,2017,135,'材料化学 英文班','荔园2栋101 荔园2栋101'),(1394,'程化 章剑波 李艳艳',100,1,2017,128,'材料学综合实验I 英文2班（实验课每次都计入期末成绩，且没有补课）','荔园2栋510'),(1395,'程化 章剑波 李艳艳',100,1,2017,128,'材料学综合实验I 英文3班（实验课每次都计入期末成绩，且没有补课）','荔园2栋508'),(1396,'程化 章剑波 李艳艳',100,1,2017,128,'材料学综合实验I 英文1班（实验课每次都计入期末成绩，且没有补课）','荔园2栋508'),(1397,'任富增',100,1,2017,80,'现代材料科学与技术前沿讲座I 中英双语班','一教406'),(1398,'刘玮书',100,1,2017,199,'材料热力学 英文班','一教406 一教406'),(1399,'叶飞 余鹏 明静',100,1,2017,304,'金属材料 英文2班-实验3班（实验课每次都计入期末成绩，且没有补课）','一教124 一教303'),(1400,'叶飞 余鹏 明静',100,1,2017,304,'金属材料 英文1班-实验1班（实验课每次都计入期末成绩，且没有补课）','一教124 一教303'),(1401,'叶飞 余鹏 明静',100,1,2017,304,'金属材料 英文2班-实验2班（实验课每次都计入期末成绩，且没有补课）','一教124 一教303'),(1402,'任富增',100,1,2017,102,'陶瓷材料 英文班','一教406 一教406'),(1403,'孙大陟',100,1,2017,339,'材料科学创新实验I 中英双语班',''),(1404,'王湘麟',100,1,2017,305,'有机功能材料 英文班','一教303 一教303'),(1405,'李贵新',100,1,2017,317,'光学材料与超构材料 英文班','荔园2栋309 荔园2栋309'),(1406,'孙大陟',100,1,2017,146,'材料科学创新实验III 中英双语班',''),(1407,'谷猛',100,1,2017,269,'先进薄膜制备技术 英文班','荔园1栋206 荔园1栋206'),(1408,'严明',100,1,2017,291,'3D打印及激光先进制造 英文班','一教503 一教503'),(1409,'田颜清 宋寒',100,1,2017,338,'科技创新项目 中英双语班',''),(1410,'张传伦',100,1,2017,226,'海洋科学趣谈 中英双语班','荔园1栋202'),(1411,'李芯芯',100,1,2017,74,'海洋生态系统导论 中英双语班','荔园1栋205 荔园1栋205'),(1412,'周祐民',100,1,2017,137,'普通地质学 中英双语班','荔园1栋202 荔园1栋202'),(1413,'刘青松',100,1,2017,138,'古地磁学与环境磁学 中英双语班','荔园1栋202 荔园1栋202'),(1414,'杨挺',100,1,2017,188,'海洋地球物理学 中英双语班','荔园2栋207 荔园2栋207'),(1415,'郭震',100,1,2017,307,'海洋地震观测基础 中英双语班','荔园2栋207 荔园6栋404机房'),(1416,'白勇',100,1,2017,139,'结构力学 中英双语班','荔园1栋206 荔园1栋206'),(1417,'张传伦',100,1,2017,180,'极端环境生命过程 中英双语班','荔园1栋202'),(1418,'陈伟强',100,1,2017,251,'大学物理A（上） 中文班','荔园2栋201 荔园2栋201 荔园2栋201'),(1419,'张立源',100,1,2017,164,'大学物理 B(上) 中英双语6班','荔园2栋101 荔园2栋101'),(1420,'赵悦',100,1,2017,164,'大学物理 B(上) 英文班','荔园2栋102 荔园2栋102'),(1421,'鲁大为',100,1,2017,164,'大学物理 B(上) 中英双语8班','荔园2栋102 荔园2栋102'),(1422,'王浩',100,1,2017,164,'大学物理 B(上) 中英双语7班','荔园1栋201 荔园1栋201'),(1423,'王克东',100,1,2017,164,'大学物理 B(上) 中英双语2班','荔园1栋203 荔园1栋203'),(1424,'陈远珍',100,1,2017,164,'大学物理 B(上) 中英双语4班','荔园1栋201 荔园1栋201'),(1425,'刘畅',100,1,2017,164,'大学物理 B(上) 中英双语1班','荔园1栋203 荔园1栋203'),(1426,'王善民',100,1,2017,164,'大学物理 B(上) 中英双语5班','荔园2栋102 荔园2栋102'),(1427,'陈朗',100,1,2017,42,'大学物理C(上) 英文班','荔园1栋202 荔园1栋202'),(1428,'王才林 张贤高 张欢 邵明珍 杨珺 王晓',100,1,2017,19,'基础物理实验 中英双语1班（秋季学期1-3周只退不补选）','荔园2栋403物理实验室'),(1429,'王才林 张贤高 张欢 邵明珍 杨珺 王晓',100,1,2017,19,'基础物理实验 英文班（后置名单）（秋季学期1-3周只退不补选）','荔园2栋403物理实验室'),(1430,'王才林 张贤高 邵明珍 张欢 王晓峰 杨珺',100,1,2017,19,'基础物理实验 中英双语3班（秋季学期1-3周只退不补选）','荔园2栋403物理实验室'),(1431,'王才林 张贤高 张欢 邵明珍 杨珺 王晓',100,1,2017,19,'基础物理实验 中英双语2班（秋季学期1-3周只退不补选）','荔园2栋403物理实验室'),(1432,'梅佳伟',100,1,2017,77,'大学物理 B(下) 中英双语班','荔园2栋202 荔园2栋202'),(1433,'吴文政',100,1,2017,77,'大学物理 B(下) 英文班','荔园2栋201 荔园2栋201'),(1434,'王才林 张贤高 张欢 邵明珍 杨珺 王晓',100,1,2017,330,'综合物理实验 中英双语2班（秋季学期1-3周只退不补选','一教325'),(1435,'张贤高 王才林 邵明珍 张欢 王晓峰 杨珺',100,1,2017,330,'综合物理实验 中英双语1班（秋季学期1-3周只退不补选）','一教325'),(1436,'力学外聘老师',100,1,2017,195,'数学物理方法 中文2班','荔园2栋308 荔园2栋308'),(1437,'石兴强',100,1,2017,195,'数学物理方法 中文1班','一教110 一教110'),(1438,'王克东',100,1,2017,177,'分析力学 中文班','一教110 一教110'),(1439,'黄明远',100,1,2017,187,'电动力学I 中文班','一教110 一教110'),(1440,'曾孝奇 杨珺 邵明珍 王才林 张欢',100,1,2017,240,'综合物理开放实验 中文班（秋季学期1-3周只退不补选）','一教325'),(1441,'徐婷婷 杨珺 曾孝奇 邓冬梅 王才林 张欢',100,1,2017,172,'研究型物理实验 中文班（秋季学期1-3周只退不补选）','一教425'),(1442,'吴健生',100,1,2017,248,'统计物理II 中英双语班','一教406 一教406'),(1443,'卢海舟',100,1,2017,290,'量子力学II 中文班','一教406 一教406'),(1444,'戴俊峰',100,1,2017,13,'近代光学 中英双语班','一教108 一教108'),(1445,'徐虎',100,1,2017,144,'固体物理 中英双语班','一教108 一教108'),(1446,'黄丽',100,1,2017,96,'计算物理 中文班','一教403 一教403'),(1447,'王干',100,1,2017,93,'薄膜物理 中文班','一教401 一教401'),(1448,'何洪涛',100,1,2017,37,'微纳结构加工 中英双语班','二科220 一教401'),(1449,'何佳清',100,1,2017,62,'先进电子显微学 中英双语班','一教401 分析测试中心109实验室'),(1450,'俞大鹏',100,1,2017,130,'凝聚态物理讲坛 中文班','图书馆报告厅110'),(1451,'翁文康',100,1,2017,232,'高等量子力学 中英双语班','一教404 一教404 一教404'),(1452,'刘奇航',100,1,2017,118,'物理学中的群论 中文班','一教403 一教403'),(1453,'OscarDahlsten',100,1,2017,231,'量子信息 英文班','一教402 一教402'),(1454,'LeonardoModesto',100,1,2017,36,'量子场论导论 英文班','一教403 一教403'),(1455,'王晓葵',100,1,2017,327,'当代日本的大众文化 中文','一教506'),(1456,'戴吾三',100,1,2017,82,'中国的工业化与社会变革 中文','一教108'),(1457,'张静红',100,1,2017,185,'纪录片欣赏与制作 中文','荔园2栋308 荔园2栋308'),(1458,'唐际根',100,1,2017,281,'考古发现与中国历史 中文','一教111'),(1459,'陈惠云',100,1,2017,43,'社会学入门 英文','一教302'),(1460,'刘妍',100,1,2017,311,'建筑、空间与文化 中文','一教301'),(1461,'Amir Hampel',100,1,2017,275,'社会心理学专题：自我认同与社会变迁 英文','一教507'),(1462,'周永明',100,1,2017,15,'文化人类学导论 中文','一教302'),(1463,'Catrin Kost',100,1,2017,263,'蒙古帝国：出现、历史和物质文化 英文','一教501'),(1464,'Erin Thomason',100,1,2017,66,'人类学专题：亲属关系与家庭 英文班','一教302'),(1465,'none',99,1,2018,343,'单周测试','none'),(1466,'NONE',2,1,2018,344,'双周测试','NONE');
/*!40000 ALTER TABLE `login_course` ENABLE KEYS */;
UNLOCK TABLES;

--
-- Table structure for table `login_course_student`
--

DROP TABLE IF EXISTS `login_course_student`;
/*!40101 SET @saved_cs_client     = @@character_set_client */;
 SET character_set_client = utf8mb4 ;
CREATE TABLE `login_course_student` (
  `id` int(11) NOT NULL AUTO_INCREMENT,
  `course_id` int(11) NOT NULL,
  `user_id` int(11) NOT NULL,
  PRIMARY KEY (`id`),
  UNIQUE KEY `login_course_student_course_id_user_id_d08a3cdf_uniq` (`course_id`,`user_id`),
  KEY `login_course_student_user_id_1cdc266d_fk_login_user_id` (`user_id`),
  CONSTRAINT `login_course_student_course_id_d0300f79_fk_login_course_id` FOREIGN KEY (`course_id`) REFERENCES `login_course` (`id`),
  CONSTRAINT `login_course_student_user_id_1cdc266d_fk_login_user_id` FOREIGN KEY (`user_id`) REFERENCES `login_user` (`id`)
) ENGINE=InnoDB AUTO_INCREMENT=15 DEFAULT CHARSET=utf8mb4 COLLATE=utf8mb4_0900_ai_ci;
/*!40101 SET character_set_client = @saved_cs_client */;

--
-- Dumping data for table `login_course_student`
--

LOCK TABLES `login_course_student` WRITE;
/*!40000 ALTER TABLE `login_course_student` DISABLE KEYS */;
INSERT INTO `login_course_student` VALUES (12,4,401),(4,918,401),(1,1215,401),(2,1240,401),(3,1267,401),(13,1465,401),(14,1466,401);
/*!40000 ALTER TABLE `login_course_student` ENABLE KEYS */;
UNLOCK TABLES;

--
-- Table structure for table `login_course_time`
--

DROP TABLE IF EXISTS `login_course_time`;
/*!40101 SET @saved_cs_client     = @@character_set_client */;
 SET character_set_client = utf8mb4 ;
CREATE TABLE `login_course_time` (
  `id` int(11) NOT NULL AUTO_INCREMENT,
  `course_id` int(11) NOT NULL,
  `time_id` int(11) NOT NULL,
  PRIMARY KEY (`id`),
  UNIQUE KEY `login_course_time_course_id_time_id_6c25bcfe_uniq` (`course_id`,`time_id`),
  KEY `login_course_time_time_id_a60324c1_fk_login_time_id` (`time_id`),
  CONSTRAINT `login_course_time_course_id_1b724a75_fk_login_course_id` FOREIGN KEY (`course_id`) REFERENCES `login_course` (`id`),
  CONSTRAINT `login_course_time_time_id_a60324c1_fk_login_time_id` FOREIGN KEY (`time_id`) REFERENCES `login_time` (`id`)
) ENGINE=InnoDB AUTO_INCREMENT=1356 DEFAULT CHARSET=utf8mb4 COLLATE=utf8mb4_0900_ai_ci;
/*!40101 SET character_set_client = @saved_cs_client */;

--
-- Dumping data for table `login_course_time`
--

LOCK TABLES `login_course_time` WRITE;
/*!40000 ALTER TABLE `login_course_time` DISABLE KEYS */;
INSERT INTO `login_course_time` VALUES (1,1,2),(2,1,16),(3,2,4),(4,2,14),(6,3,2),(5,3,51),(8,4,2),(7,4,51),(10,5,2),(9,5,51),(11,6,8),(12,6,9),(13,7,23),(14,7,24),(15,8,23),(16,8,24),(17,9,3),(18,9,4),(19,10,13),(20,10,73),(22,11,12),(21,11,38),(24,12,16),(23,12,38),(25,13,6),(26,13,87),(28,14,7),(27,14,52),(29,15,8),(30,15,9),(31,16,8),(32,16,9),(33,17,13),(34,17,14),(35,18,13),(36,18,14),(37,19,11),(38,19,21),(39,20,2),(40,20,18),(41,21,2),(42,21,81),(44,22,2),(43,22,46),(46,23,8),(45,23,53),(47,24,8),(48,24,9),(49,25,13),(50,25,14),(51,26,3),(52,26,4),(53,27,23),(54,27,24),(55,28,23),(56,28,24),(58,29,12),(57,29,42),(59,30,19),(60,30,20),(62,31,6),(61,31,51),(63,32,15),(64,33,3),(65,33,87),(66,34,8),(67,34,9),(68,35,13),(69,35,14),(70,36,23),(71,36,24),(72,37,22),(73,38,18),(74,38,19),(75,39,3),(76,39,4),(77,40,7),(79,41,4),(78,41,47),(81,42,6),(80,42,52),(83,43,6),(82,43,58),(85,44,9),(84,44,59),(87,45,7),(86,45,52),(88,46,13),(89,46,14),(90,46,74),(91,46,75),(92,47,11),(93,47,22),(94,48,11),(95,48,22),(96,49,4),(97,49,14),(98,50,4),(99,50,14),(100,51,4),(101,51,14),(102,52,4),(103,52,84),(105,53,22),(104,53,46),(107,54,22),(106,54,46),(109,55,4),(108,55,49),(110,56,8),(111,56,9),(112,57,23),(113,57,24),(114,58,7),(115,58,16),(116,59,7),(117,59,16),(118,60,1),(119,60,12),(120,61,6),(121,61,17),(122,62,11),(123,62,22),(124,63,13),(125,63,14),(126,64,3),(127,64,4),(128,65,8),(129,65,91),(130,66,1),(131,66,11),(132,67,8),(133,67,9),(134,68,18),(135,68,19),(136,69,13),(137,69,14),(138,70,21),(139,70,22),(140,70,23),(141,70,24),(143,71,6),(142,71,52),(145,72,13),(144,72,37),(146,73,12),(147,73,72),(148,74,3),(149,74,4),(150,75,21),(151,75,22),(152,75,23),(153,75,24),(154,76,16),(155,77,7),(156,77,87),(157,78,5),(158,79,15),(159,80,10),(160,80,20),(161,81,12),(162,81,72),(163,82,13),(164,82,18),(165,82,19),(166,83,3),(167,83,11),(168,84,7),(169,84,21),(170,85,7),(171,85,21),(172,86,8),(173,86,22),(174,87,8),(175,87,22),(176,88,2),(177,88,11),(178,89,2),(179,89,11),(180,90,3),(181,90,16),(182,91,3),(183,91,16),(184,92,4),(185,92,18),(186,93,4),(187,93,18),(188,94,7),(189,94,21),(190,95,7),(191,95,21),(192,96,7),(193,96,21),(194,97,7),(195,97,21),(196,98,7),(197,98,21),(198,99,8),(199,99,22),(200,100,8),(201,100,22),(202,101,8),(203,101,22),(204,102,8),(205,102,22),(206,103,8),(207,103,22),(208,104,8),(209,104,22),(210,105,8),(211,105,22),(212,106,9),(213,106,24),(214,107,9),(215,107,24),(216,108,9),(217,108,24),(218,109,2),(219,109,11),(220,110,2),(221,110,11),(222,111,2),(223,111,11),(224,112,2),(225,112,11),(226,113,3),(227,113,16),(228,114,3),(229,114,16),(230,115,3),(231,115,16),(232,116,3),(233,116,16),(234,117,3),(235,117,16),(236,118,3),(237,118,16),(238,119,4),(239,119,18),(240,120,4),(241,120,18),(242,121,4),(243,121,18),(244,122,4),(245,122,18),(246,123,4),(247,123,18),(248,124,4),(249,124,18),(250,125,6),(251,125,17),(252,126,6),(253,126,23),(254,127,7),(255,127,21),(256,128,7),(257,128,21),(258,129,7),(259,129,21),(260,130,8),(261,130,22),(262,131,8),(263,131,22),(264,132,9),(265,132,17),(266,133,9),(267,133,17),(268,134,9),(269,134,24),(270,135,12),(271,135,23),(272,136,12),(273,136,23),(274,137,13),(275,137,24),(276,138,13),(277,138,24),(278,139,1),(279,139,12),(280,140,1),(281,140,18),(282,141,2),(283,141,11),(284,142,2),(285,142,11),(286,143,3),(287,143,16),(288,144,3),(289,144,16),(290,145,4),(291,145,18),(292,146,9),(293,147,7),(294,147,18),(295,148,10),(296,148,20),(297,149,13),(298,149,21),(299,150,6),(300,151,6),(301,152,6),(302,153,6),(303,154,9),(304,155,9),(305,156,9),(306,157,12),(307,158,12),(308,159,12),(309,160,13),(310,161,13),(311,162,13),(312,163,14),(313,164,14),(314,165,14),(315,166,17),(316,167,17),(317,168,17),(318,169,23),(319,170,23),(320,171,23),(321,172,23),(322,173,24),(323,174,24),(324,175,24),(325,176,24),(326,177,1),(327,178,1),(328,179,2),(329,180,3),(330,181,7),(331,182,18),(332,183,18),(333,184,20),(334,185,21),(335,186,7),(336,186,8),(337,187,7),(338,187,15),(339,188,8),(340,188,9),(341,189,8),(342,189,18),(343,190,8),(344,190,18),(345,191,9),(346,191,21),(347,192,7),(348,192,9),(349,193,7),(350,193,9),(351,194,1),(352,194,9),(353,195,1),(354,195,2),(355,196,1),(356,196,3),(357,197,1),(358,197,4),(359,198,2),(360,198,3),(361,199,2),(362,199,8),(363,200,2),(364,200,3),(365,201,2),(366,201,3),(367,202,2),(368,202,4),(369,203,17),(370,203,18),(371,204,7),(372,204,8),(373,205,7),(374,205,11),(375,206,7),(376,206,12),(377,207,8),(378,207,12),(379,208,13),(380,208,14),(381,209,8),(382,209,9),(383,210,8),(384,210,11),(385,211,8),(386,211,12),(387,212,13),(388,212,14),(389,213,13),(390,213,22),(391,214,13),(392,214,23),(393,215,13),(394,215,14),(395,216,2),(396,216,9),(397,217,2),(398,217,3),(399,218,2),(400,218,4),(401,219,2),(402,219,7),(403,220,2),(404,220,5),(405,221,17),(406,221,18),(407,222,17),(408,222,22),(409,223,17),(410,223,23),(411,224,94),(412,225,27),(413,226,11),(414,226,12),(415,227,2),(416,227,4),(417,228,3),(418,228,7),(419,229,94),(420,230,27),(421,231,17),(422,231,18),(423,232,22),(424,232,23),(425,233,8),(426,234,6),(427,235,2),(428,236,3),(429,236,81),(431,237,7),(430,237,46),(432,238,8),(433,239,14),(434,240,17),(435,241,18),(436,242,1),(437,242,83),(438,243,4),(439,244,9),(440,244,86),(442,245,23),(441,245,51),(443,246,12),(444,246,13),(445,247,12),(446,247,18),(447,248,21),(448,248,24),(449,249,22),(450,249,23),(451,250,89),(452,251,12),(453,251,13),(454,252,14),(455,252,16),(458,253,21),(456,253,23),(457,253,24),(459,254,7),(460,254,13),(461,255,7),(462,255,17),(463,256,2),(464,256,8),(465,257,2),(466,257,9),(467,258,8),(468,258,9),(469,259,8),(470,259,18),(472,260,17),(471,260,41),(473,261,1),(474,261,18),(475,262,3),(476,262,12),(477,263,3),(478,263,4),(479,264,3),(480,264,5),(481,265,26),(482,266,3),(483,266,8),(484,266,9),(485,267,3),(486,267,10),(487,268,3),(488,268,5),(489,269,11),(490,269,13),(491,270,11),(492,270,14),(493,271,7),(494,271,17),(495,272,2),(496,272,7),(498,273,3),(499,273,4),(497,273,15),(500,274,22),(501,274,93),(502,274,94),(503,275,12),(504,275,13),(505,276,53),(506,276,54),(507,277,16),(508,277,20),(509,278,4),(510,278,8),(512,279,20),(511,279,60),(513,280,89),(514,281,2),(515,282,26),(516,283,3),(517,284,13),(518,284,14),(519,285,6),(520,285,7),(522,286,4),(521,286,53),(523,287,12),(524,288,28),(525,288,29),(526,289,9),(527,289,92),(528,290,1),(529,291,12),(530,292,21),(531,292,81),(532,293,6),(533,293,17),(534,294,13),(535,294,14),(536,295,4),(537,295,90),(538,296,23),(539,296,24),(540,297,3),(541,297,82),(542,298,21),(543,298,81),(546,299,2),(545,299,13),(544,299,46),(547,300,8),(548,301,88),(549,301,89),(551,302,15),(550,302,60),(552,303,7),(553,303,92),(554,304,16),(555,305,7),(556,305,82),(558,306,5),(557,306,9),(559,307,13),(560,307,14),(561,307,28),(562,307,29),(563,308,23),(564,308,24),(565,308,28),(566,308,29),(568,309,2),(567,309,57),(569,310,8),(570,310,92),(571,311,13),(572,311,23),(573,312,6),(574,312,18),(575,313,12),(576,313,24),(577,314,3),(578,315,45),(580,316,22),(579,316,42),(581,317,21),(582,317,71),(583,318,4),(584,318,75),(586,319,24),(585,319,50),(588,320,3),(587,320,40),(589,321,13),(590,321,91),(592,322,1),(591,322,51),(593,323,80),(595,324,6),(594,324,56),(597,325,11),(596,325,57),(598,326,25),(599,326,75),(600,327,9),(601,327,87),(602,328,2),(603,328,86),(605,329,8),(604,329,52),(607,330,12),(606,330,37),(609,331,23),(608,331,38),(610,332,12),(611,332,73),(612,333,4),(613,333,23),(1041,334,8),(618,334,13),(615,334,38),(1044,334,88),(620,335,24),(621,335,88),(623,336,15),(622,336,40),(624,337,8),(626,338,16),(625,338,37),(628,339,9),(627,339,53),(630,340,4),(629,340,56),(631,341,12),(632,341,94),(633,342,12),(634,343,2),(635,344,7),(636,345,7),(637,346,7),(638,347,8),(639,348,8),(640,349,8),(641,350,9),(642,351,9),(643,352,9),(644,353,11),(645,354,11),(646,355,11),(647,356,14),(648,357,14),(649,358,14),(650,359,16),(651,360,16),(652,361,16),(653,362,18),(654,363,18),(655,364,18),(656,365,22),(657,366,22),(658,367,22),(659,368,24),(660,369,24),(661,370,24),(662,371,2),(663,372,2),(664,373,2),(665,374,3),(666,375,3),(667,376,3),(668,377,4),(669,378,4),(670,379,4),(671,380,18),(672,381,13),(673,382,6),(674,383,7),(675,384,7),(676,385,7),(677,386,7),(678,387,8),(679,388,8),(680,389,9),(681,390,9),(682,391,9),(683,392,9),(684,393,10),(685,394,11),(686,395,12),(687,396,12),(688,397,12),(689,398,12),(690,399,13),(691,400,14),(692,401,14),(693,402,14),(694,403,17),(695,404,17),(696,405,17),(697,406,18),(698,407,18),(699,408,22),(700,409,22),(701,410,23),(702,411,24),(703,412,1),(704,413,2),(705,414,2),(706,415,4),(707,416,4),(708,417,4),(709,418,5),(710,419,6),(711,420,1),(712,421,8),(713,422,3),(714,423,11),(715,424,7),(716,425,17),(717,426,23),(718,427,17),(719,428,18),(720,429,20),(721,430,14),(722,431,5),(723,432,25),(724,433,7),(725,434,12),(726,435,8),(727,436,13),(728,437,23),(729,438,24),(730,439,17),(731,440,4),(732,441,17),(733,442,10),(734,443,8),(735,444,88),(736,444,89),(737,445,83),(738,445,84),(739,446,8),(740,447,87),(741,447,88),(742,448,15),(743,449,93),(744,449,94),(745,450,82),(746,450,83),(747,451,22),(748,452,2),(749,453,3),(750,454,13),(751,455,91),(752,455,92),(753,456,91),(754,456,92),(755,457,14),(756,458,14),(757,459,14),(758,460,16),(759,461,20),(760,462,2),(761,463,2),(762,464,2),(763,465,3),(764,466,3),(765,467,3),(766,468,4),(767,469,4),(768,470,4),(769,471,59),(770,472,10),(771,473,25),(772,474,23),(773,475,7),(774,476,9),(775,477,12),(776,478,16),(777,479,18),(778,480,21),(779,481,6),(780,482,12),(781,483,14),(782,484,16),(783,485,17),(784,486,18),(785,487,20),(786,488,21),(787,489,13),(788,490,14),(789,491,15),(790,492,3),(791,493,4),(792,494,11),(793,494,78),(795,495,3),(794,495,43),(797,496,18),(796,496,56),(798,497,7),(799,498,8),(800,499,9),(801,500,10),(802,501,18),(803,502,20),(804,503,22),(805,504,8),(807,504,15),(806,504,22),(808,505,8),(810,505,20),(809,505,22),(811,506,3),(813,506,10),(812,506,18),(814,507,3),(816,507,15),(815,507,18),(817,508,6),(819,508,17),(818,508,25),(820,509,6),(822,509,17),(821,509,25),(823,510,6),(825,510,17),(824,510,25),(826,511,6),(828,511,17),(827,511,25),(829,512,9),(831,512,15),(830,512,23),(832,513,9),(834,513,20),(833,513,23),(835,514,10),(837,514,13),(836,514,23),(838,515,10),(840,515,13),(839,515,23),(841,516,10),(843,516,13),(842,516,23),(844,517,10),(846,517,13),(845,517,23),(847,518,13),(849,518,15),(848,518,23),(850,519,13),(852,519,15),(851,519,23),(853,520,13),(855,520,15),(854,520,23),(856,521,13),(858,521,15),(857,521,23),(859,522,1),(861,522,12),(860,522,20),(862,523,1),(864,523,12),(863,523,20),(865,524,1),(867,524,12),(866,524,20),(868,525,1),(870,525,12),(869,525,25),(871,526,1),(873,526,12),(872,526,25),(874,527,1),(876,527,12),(875,527,25),(877,528,5),(879,528,6),(878,528,17),(880,529,5),(882,529,6),(881,529,17),(883,530,5),(885,530,6),(884,530,17),(886,531,5),(888,531,6),(887,531,17),(889,532,10),(891,532,11),(890,532,22),(892,533,10),(894,533,11),(893,533,24),(895,534,6),(897,534,17),(896,534,25),(898,535,6),(900,535,17),(899,535,25),(901,536,6),(903,536,17),(902,536,25),(904,537,6),(906,537,17),(905,537,25),(907,538,10),(909,538,13),(908,538,23),(910,539,10),(912,539,13),(911,539,23),(913,540,10),(915,540,13),(914,540,23),(916,541,13),(918,541,15),(917,541,23),(919,542,13),(921,542,15),(920,542,23),(922,543,13),(924,543,15),(923,543,23),(925,544,1),(927,544,12),(926,544,20),(928,545,1),(930,545,12),(929,545,20),(931,546,1),(933,546,12),(932,546,20),(934,547,1),(936,547,12),(935,547,20),(937,548,1),(939,548,12),(938,548,25),(940,549,1),(942,549,12),(941,549,25),(943,550,1),(945,550,12),(944,550,25),(946,551,1),(948,551,12),(947,551,25),(949,552,5),(951,552,6),(950,552,17),(952,553,5),(954,553,6),(953,553,17),(955,554,5),(957,554,6),(956,554,17),(958,555,5),(960,555,6),(959,555,17),(961,556,10),(963,556,13),(962,556,23),(964,557,13),(966,557,15),(965,557,23),(967,558,1),(969,558,12),(968,558,20),(970,559,1),(972,559,12),(971,559,25),(973,560,13),(975,560,20),(974,560,23),(976,561,7),(978,561,10),(977,561,88),(979,562,10),(981,562,13),(980,562,21),(982,563,3),(984,563,10),(983,563,18),(985,564,3),(987,564,15),(986,564,18),(988,565,5),(990,565,13),(989,565,21),(992,566,23),(991,566,46),(993,567,6),(994,567,86),(995,568,15),(997,568,17),(996,568,79),(998,569,5),(1000,569,17),(999,569,79),(1003,570,24),(1002,570,25),(1001,570,49),(1006,571,24),(1005,571,25),(1004,571,49),(1009,572,8),(1008,572,10),(1007,572,57),(1012,573,8),(1011,573,10),(1010,573,57),(1015,574,8),(1014,574,15),(1013,574,57),(1018,575,8),(1017,575,20),(1016,575,57),(1021,576,8),(1020,576,25),(1019,576,57),(1022,577,2),(1024,577,12),(1023,577,20),(1025,578,2),(1027,578,12),(1026,578,25),(1030,579,4),(1029,579,10),(1028,579,49),(1033,580,4),(1032,580,10),(1031,580,49),(1036,581,7),(1035,581,15),(1034,581,59),(1039,582,7),(1038,582,25),(1037,582,59),(1040,583,8),(617,583,13),(614,583,38),(1043,583,88),(1046,584,14),(1047,584,92),(1048,585,3),(1049,585,84),(1050,586,13),(1051,586,91),(1053,587,18),(1052,587,44),(1055,588,7),(1054,588,51),(1057,589,23),(1056,589,48),(1058,590,11),(1059,590,72),(1060,591,23),(1061,591,78),(1063,592,17),(1062,592,37),(1065,593,22),(1064,593,47),(1067,594,2),(1066,594,53),(1069,595,2),(1068,595,53),(1070,596,23),(1071,597,85),(1073,598,17),(1072,598,43),(1075,599,17),(1074,599,43),(1076,600,9),(1077,600,90),(1078,601,22),(1079,601,78),(1081,602,10),(1080,602,55),(1082,603,13),(1083,603,94),(1084,604,11),(1085,604,71),(1086,605,21),(1087,605,73),(1088,605,74),(1089,606,13),(1090,606,14),(1091,606,15),(1092,607,5),(1093,607,82),(1095,608,2),(1094,608,47),(1096,609,31),(1097,609,32),(1099,610,12),(1098,610,57),(1100,611,14),(1101,611,73),(1103,612,11),(1102,612,37),(1105,613,9),(1104,613,53),(1107,614,13),(1106,614,38),(1108,615,4),(1109,615,86),(1110,616,7),(1111,616,87),(1112,617,8),(1113,617,88),(1115,618,9),(1114,618,52),(1116,619,8),(1117,619,88),(1118,620,6),(1119,620,8),(1120,620,9),(1121,621,6),(1122,621,13),(1123,621,14),(1124,622,1),(1125,622,23),(1126,622,24),(1127,623,1),(1128,623,3),(1129,623,4),(1131,624,8),(1132,624,9),(1130,624,42),(1134,625,3),(1135,625,4),(1133,625,42),(1137,626,20),(1136,626,45),(1139,627,2),(1138,627,49),(1140,628,16),(1141,628,77),(1143,629,18),(1142,629,41),(1144,630,22),(1145,630,23),(1146,631,23),(1147,631,24),(1149,632,3),(1148,632,46),(1151,633,25),(1150,633,50),(1152,634,4),(1153,634,85),(1155,635,5),(1154,635,48),(1156,636,8),(1157,636,17),(1158,637,6),(1159,637,18),(1160,638,20),(1161,638,21),(1162,639,9),(1163,639,16),(1164,640,2),(1165,640,12),(1167,641,2),(1166,641,47),(1168,642,3),(1169,642,82),(1170,643,11),(1171,643,92),(1172,644,24),(1173,644,83),(1174,645,23),(1175,645,84),(1177,646,3),(1176,646,55),(1178,647,27),(1179,648,28),(1180,649,16),(1181,649,17),(1182,650,18),(1183,650,19),(1187,651,16),(1184,651,42),(1185,651,71),(1186,651,72),(1191,652,16),(1188,652,42),(1189,652,73),(1190,652,74),(1195,653,22),(1192,653,46),(1193,653,76),(1194,653,77),(1199,654,22),(1196,654,46),(1197,654,78),(1198,654,79),(1202,655,21),(1200,655,81),(1201,655,82),(1206,656,21),(1203,656,47),(1204,656,83),(1205,656,84),(1207,657,23),(1208,658,25),(1209,659,18),(1210,659,94),(1212,660,17),(1211,660,59),(1213,661,22),(1214,661,78),(1215,662,11),(1216,662,12),(1217,662,13),(1218,662,14),(1219,663,11),(1220,663,12),(1221,663,13),(1222,663,14),(1223,664,16),(1224,664,17),(1225,664,18),(1226,664,19),(1227,665,90),(1228,666,21),(1229,666,74),(1232,667,25),(1230,667,43),(1231,667,44),(1235,668,6),(1233,668,36),(1234,668,37),(1238,669,25),(1236,669,38),(1237,669,39),(1240,670,7),(1239,670,50),(1241,671,28),(1242,672,5),(1243,672,79),(1244,673,6),(1245,673,72),(1246,674,29),(1247,675,12),(1248,675,73),(1249,676,17),(1250,676,85),(1251,677,26),(1252,678,59),(1253,679,12),(1254,679,92),(1255,680,7),(1256,680,87),(1258,681,3),(1257,681,49),(1260,682,9),(1259,682,52),(1261,683,8),(1262,683,86),(1263,684,4),(1264,684,84),(1265,685,23),(1266,686,2),(1268,686,13),(1267,686,88),(1269,687,6),(1270,687,17),(1271,688,6),(1272,688,17),(1273,689,13),(1274,689,23),(1275,690,13),(1276,690,23),(1277,691,13),(1278,691,23),(1279,692,1),(1280,692,12),(1281,693,1),(1282,693,12),(1283,694,1),(1284,694,12),(1286,695,8),(1285,695,57),(1287,696,8),(1288,696,9),(1289,697,8),(1290,697,9),(1291,698,21),(1292,698,22),(1293,699,3),(1294,699,4),(1295,700,6),(1296,700,17),(1297,701,6),(1298,701,17),(1299,702,13),(1300,702,14),(1301,703,23),(1302,703,24),(1303,704,6),(1304,704,16),(1305,705,9),(1306,705,16),(1307,706,18),(1308,706,78),(1309,707,3),(1310,707,81),(1311,708,26),(1312,708,27),(1313,709,17),(1314,709,18),(1315,709,19),(1317,710,2),(1316,710,49),(1319,711,8),(1318,711,57),(1320,712,7),(1321,712,86),(1322,713,11),(1323,713,21),(1325,714,1),(1324,714,48),(1327,715,16),(1326,715,44),(1328,716,18),(1329,716,83),(1330,717,8),(1331,717,20),(1332,718,3),(1333,718,4),(1334,719,2),(1336,719,12),(1335,719,25),(1337,720,6),(1338,720,21),(1339,721,22),(1340,721,79),(1341,722,14),(1342,722,23),(1343,723,3),(1344,724,8),(1345,725,23),(1346,725,98),(1347,726,5),(1348,727,9),(1349,728,10),(1350,729,14),(1351,730,20),(1352,731,18),(1353,732,13),(1354,1465,36),(1355,1466,71);
/*!40000 ALTER TABLE `login_course_time` ENABLE KEYS */;
UNLOCK TABLES;

--
-- Table structure for table `login_department`
--

DROP TABLE IF EXISTS `login_department`;
/*!40101 SET @saved_cs_client     = @@character_set_client */;
 SET character_set_client = utf8mb4 ;
CREATE TABLE `login_department` (
  `id` int(11) NOT NULL AUTO_INCREMENT,
  `name` varchar(200) NOT NULL,
  `required_selective_credit` int(11) NOT NULL,
  PRIMARY KEY (`id`)
) ENGINE=InnoDB AUTO_INCREMENT=26 DEFAULT CHARSET=utf8mb4 COLLATE=utf8mb4_0900_ai_ci;
/*!40101 SET character_set_client = @saved_cs_client */;

--
-- Dumping data for table `login_department`
--

LOCK TABLES `login_department` WRITE;
/*!40000 ALTER TABLE `login_department` DISABLE KEYS */;
INSERT INTO `login_department` VALUES (1,'地球与空间科学系',30),(2,'机械与能源工程系',30),(4,'数学系',30),(5,'生物医学工程系',30),(7,'物理系',30),(10,'电子与电气工程系',30),(11,'海洋科学与工程系',30),(13,'力学与航空航天工程系',30),(14,'计算机科学与工程系',30),(15,'医学院',30),(16,'化学系',30),(19,'生物系',30),(20,'金融系',30),(22,'环境科学与工程学院',30),(25,'材料科学与工程系',30);
/*!40000 ALTER TABLE `login_department` ENABLE KEYS */;
UNLOCK TABLES;

--
-- Table structure for table `login_department_compulsoryCourse`
--

DROP TABLE IF EXISTS `login_department_compulsoryCourse`;
/*!40101 SET @saved_cs_client     = @@character_set_client */;
 SET character_set_client = utf8mb4 ;
CREATE TABLE `login_department_compulsoryCourse` (
  `id` int(11) NOT NULL AUTO_INCREMENT,
  `department_id` int(11) NOT NULL,
  `class_id` int(11) NOT NULL,
  PRIMARY KEY (`id`),
  UNIQUE KEY `login_department_compuls_department_id_class_id_bc9e534e_uniq` (`department_id`,`class_id`),
  KEY `login_department_com_class_id_e3c69bf2_fk_login_cla` (`class_id`),
  CONSTRAINT `login_department_com_class_id_e3c69bf2_fk_login_cla` FOREIGN KEY (`class_id`) REFERENCES `login_class` (`id`),
  CONSTRAINT `login_department_com_department_id_96c5418a_fk_login_dep` FOREIGN KEY (`department_id`) REFERENCES `login_department` (`id`)
) ENGINE=InnoDB AUTO_INCREMENT=279 DEFAULT CHARSET=utf8mb4 COLLATE=utf8mb4_0900_ai_ci;
/*!40101 SET character_set_client = @saved_cs_client */;

--
-- Dumping data for table `login_department_compulsoryCourse`
--

LOCK TABLES `login_department_compulsoryCourse` WRITE;
/*!40000 ALTER TABLE `login_department_compulsoryCourse` DISABLE KEYS */;
INSERT INTO `login_department_compulsoryCourse` VALUES (51,1,65),(102,1,133),(171,1,213),(182,1,227),(213,1,260),(244,1,299),(6,2,8),(36,2,47),(42,2,55),(81,2,107),(116,2,152),(121,2,159),(173,2,215),(174,2,216),(179,2,223),(188,2,233),(189,2,234),(192,2,237),(193,2,238),(229,2,280),(230,2,282),(231,2,284),(242,2,297),(248,2,303),(254,2,310),(263,2,321),(269,2,332),(271,2,334),(272,2,335),(2,4,3),(13,4,17),(14,4,18),(21,4,28),(23,4,30),(45,4,58),(46,4,59),(61,4,79),(74,4,100),(84,4,110),(87,4,114),(91,4,120),(95,4,124),(99,4,129),(108,4,142),(115,4,151),(124,4,162),(131,4,169),(136,4,174),(146,4,184),(154,4,194),(170,4,212),(176,4,219),(178,4,221),(191,4,236),(202,4,247),(217,4,265),(234,4,287),(238,4,292),(241,4,296),(246,4,301),(253,4,309),(258,4,315),(265,4,326),(268,4,331),(277,4,341),(39,5,52),(212,5,259),(214,5,261),(260,5,318),(10,7,13),(15,7,19),(27,7,36),(28,7,37),(33,7,42),(49,7,62),(59,7,77),(70,7,93),(72,7,96),(90,7,118),(100,7,130),(109,7,144),(126,7,164),(134,7,172),(139,7,177),(147,7,187),(155,7,195),(186,7,231),(187,7,232),(195,7,240),(203,7,248),(206,7,251),(236,7,290),(267,7,330),(8,10,11),(9,10,12),(29,10,38),(30,10,39),(31,10,40),(37,10,50),(41,10,54),(53,10,68),(56,10,73),(63,10,81),(64,10,83),(79,10,105),(92,10,121),(97,10,127),(107,10,140),(118,10,155),(120,10,158),(132,10,170),(135,10,173),(151,10,191),(152,10,192),(160,10,201),(165,10,206),(190,10,235),(194,10,239),(197,10,242),(201,10,246),(218,10,266),(222,10,270),(225,10,274),(226,10,277),(228,10,279),(232,10,285),(233,10,286),(251,10,306),(257,10,314),(57,11,74),(104,11,137),(105,11,138),(106,11,139),(142,11,180),(148,11,188),(181,11,226),(252,11,307),(3,13,5),(4,13,6),(40,13,53),(47,13,60),(93,13,122),(110,13,145),(138,13,176),(143,13,181),(144,13,182),(149,13,189),(163,13,204),(169,13,211),(177,13,220),(207,13,252),(227,13,278),(264,13,325),(1,14,1),(11,14,14),(12,14,16),(22,14,29),(34,14,44),(38,14,51),(58,14,76),(60,14,78),(73,14,99),(78,14,104),(80,14,106),(83,14,109),(88,14,116),(122,14,160),(123,14,161),(129,14,167),(161,14,202),(172,14,214),(184,14,229),(185,14,230),(235,14,289),(243,14,298),(266,14,328),(274,14,337),(26,15,34),(82,15,108),(273,15,336),(18,16,25),(19,16,26),(48,16,61),(55,16,70),(67,16,90),(68,16,91),(69,16,92),(85,16,111),(86,16,112),(94,16,123),(119,16,156),(125,16,163),(137,16,175),(153,16,193),(162,16,203),(167,16,208),(200,16,245),(204,16,249),(208,16,254),(216,16,264),(262,16,320),(270,16,333),(278,16,342),(17,19,21),(24,19,32),(35,19,46),(44,19,57),(54,19,69),(65,19,85),(75,19,101),(113,19,149),(128,19,166),(150,19,190),(168,19,210),(175,19,218),(183,19,228),(198,19,243),(215,19,262),(219,19,267),(223,19,271),(224,19,272),(247,19,302),(255,19,312),(5,20,7),(32,20,41),(71,20,94),(77,20,103),(89,20,117),(96,20,126),(127,20,165),(130,20,168),(133,20,171),(140,20,178),(156,20,196),(166,20,207),(180,20,224),(205,20,250),(209,20,255),(220,20,268),(240,20,295),(245,20,300),(261,20,319),(16,22,20),(20,22,27),(25,22,33),(43,22,56),(50,22,63),(52,22,67),(66,22,87),(101,22,131),(112,22,147),(114,22,150),(141,22,179),(145,22,183),(157,22,198),(164,22,205),(196,22,241),(199,22,244),(210,22,256),(211,22,258),(239,22,293),(256,22,313),(7,25,9),(62,25,80),(76,25,102),(98,25,128),(103,25,135),(111,25,146),(117,25,154),(158,25,199),(159,25,200),(221,25,269),(237,25,291),(249,25,304),(250,25,305),(259,25,317),(275,25,338),(276,25,339);
/*!40000 ALTER TABLE `login_department_compulsoryCourse` ENABLE KEYS */;
UNLOCK TABLES;

--
-- Table structure for table `login_department_selectiveCourse`
--

DROP TABLE IF EXISTS `login_department_selectiveCourse`;
/*!40101 SET @saved_cs_client     = @@character_set_client */;
 SET character_set_client = utf8mb4 ;
CREATE TABLE `login_department_selectiveCourse` (
  `id` int(11) NOT NULL AUTO_INCREMENT,
  `department_id` int(11) NOT NULL,
  `class_id` int(11) NOT NULL,
  PRIMARY KEY (`id`),
  UNIQUE KEY `login_department_selecti_department_id_class_id_03d97b95_uniq` (`department_id`,`class_id`),
  KEY `login_department_sel_class_id_4cb78adf_fk_login_cla` (`class_id`),
  CONSTRAINT `login_department_sel_class_id_4cb78adf_fk_login_cla` FOREIGN KEY (`class_id`) REFERENCES `login_class` (`id`),
  CONSTRAINT `login_department_sel_department_id_eaae97fb_fk_login_dep` FOREIGN KEY (`department_id`) REFERENCES `login_department` (`id`)
) ENGINE=InnoDB AUTO_INCREMENT=35 DEFAULT CHARSET=utf8mb4 COLLATE=utf8mb4_0900_ai_ci;
/*!40101 SET character_set_client = @saved_cs_client */;

--
-- Dumping data for table `login_department_selectiveCourse`
--

LOCK TABLES `login_department_selectiveCourse` WRITE;
/*!40000 ALTER TABLE `login_department_selectiveCourse` DISABLE KEYS */;
INSERT INTO `login_department_selectiveCourse` VALUES (1,14,1),(11,14,14),(12,14,16),(22,14,29),(34,14,44);
/*!40000 ALTER TABLE `login_department_selectiveCourse` ENABLE KEYS */;
UNLOCK TABLES;

--
-- Table structure for table `login_prerequisite`
--

DROP TABLE IF EXISTS `login_prerequisite`;
/*!40101 SET @saved_cs_client     = @@character_set_client */;
 SET character_set_client = utf8mb4 ;
CREATE TABLE `login_prerequisite` (
  `id` int(11) NOT NULL AUTO_INCREMENT,
  `group_number` int(11) NOT NULL,
  `course_id` int(11) NOT NULL,
  `requisiteClass_id` int(11) NOT NULL,
  PRIMARY KEY (`id`),
  KEY `login_prerequisite_course_id_3dcaf030_fk_login_class_id` (`course_id`),
  KEY `login_prerequisite_requisiteClass_id_68588162_fk_login_class_id` (`requisiteClass_id`),
  CONSTRAINT `login_prerequisite_course_id_3dcaf030_fk_login_class_id` FOREIGN KEY (`course_id`) REFERENCES `login_class` (`id`),
  CONSTRAINT `login_prerequisite_requisiteClass_id_68588162_fk_login_class_id` FOREIGN KEY (`requisiteClass_id`) REFERENCES `login_class` (`id`)
) ENGINE=InnoDB AUTO_INCREMENT=1024 DEFAULT CHARSET=utf8mb4 COLLATE=utf8mb4_0900_ai_ci;
/*!40101 SET character_set_client = @saved_cs_client */;

--
-- Dumping data for table `login_prerequisite`
--

LOCK TABLES `login_prerequisite` WRITE;
/*!40000 ALTER TABLE `login_prerequisite` DISABLE KEYS */;
INSERT INTO `login_prerequisite` VALUES (1,0,330,251),(2,0,99,51),(3,0,131,313),(4,0,290,172),(5,0,44,229),(6,0,138,74),(7,0,53,182),(8,0,234,332),(9,0,184,309),(10,0,201,285),(11,0,246,83),(12,0,53,278),(13,0,124,58),(14,0,118,251),(15,0,178,224),(16,0,124,100),(17,0,50,121),(18,0,244,179),(19,0,61,254),(20,0,167,109),(21,0,13,248),(22,0,252,278),(23,0,109,298),(24,0,68,121),(25,0,246,192),(26,0,274,206),(27,0,302,32),(28,0,341,169),(29,0,29,16),(30,0,241,147),(31,0,18,236),(32,0,265,296),(33,0,328,29),(34,0,331,120),(35,0,46,101),(36,0,333,92),(37,0,59,309),(38,0,238,159),(39,0,59,110),(40,0,94,117),(41,0,184,114),(42,0,256,313),(43,0,284,334),(44,0,287,247),(45,0,280,321),(46,0,137,74),(47,0,13,195),(48,0,101,85),(49,0,129,58),(50,0,248,172),(51,0,335,159),(52,0,129,315),(53,0,205,147),(54,0,191,201),(55,0,310,321),(56,0,241,244),(57,0,37,13),(58,0,211,182),(59,0,25,163),(60,0,191,173),(61,0,111,249),(62,0,307,137),(63,0,26,163),(64,0,46,21),(65,0,177,195),(66,0,332,8),(67,0,17,151),(68,0,325,5),(69,0,100,309),(70,0,30,309),(71,0,239,201),(72,0,255,196),(73,0,312,267),(74,0,171,196),(75,0,334,223),(76,0,333,156),(77,0,303,238),(78,0,101,32),(79,0,198,147),(80,0,232,19),(81,0,279,170),(82,0,5,189),(83,0,337,229),(84,0,328,106),(85,0,228,21),(86,0,25,90),(87,0,173,73),(88,0,279,206),(89,0,175,163),(90,0,212,18),(91,0,21,267),(92,0,142,292),(93,0,338,291),(94,0,184,301),(95,0,17,114),(96,0,274,127),(97,0,59,162),(98,0,170,38),(99,0,149,272),(100,0,120,3),(101,0,159,107),(102,0,194,129),(103,0,14,229),(104,0,28,120),(105,0,28,169),(106,0,159,310),(107,0,111,25),(108,0,175,193),(109,0,194,110),(110,0,211,252),(111,0,320,156),(112,0,341,326),(113,0,334,215),(114,0,73,11),(115,0,337,106),(116,0,5,278),(117,0,30,301),(118,0,220,60),(119,0,291,269),(120,0,142,236),(121,0,191,40),(122,0,118,330),(123,0,122,5),(124,0,83,11),(125,0,274,54),(126,0,30,162),(127,0,244,63),(128,0,13,290),(129,0,228,243),(130,0,68,105),(131,0,102,200),(132,0,174,169),(133,0,333,112),(134,0,231,130),(135,0,100,236),(136,0,175,111),(137,0,300,171),(138,0,169,151),(139,0,50,11),(140,0,297,47),(141,0,239,192),(142,0,61,163),(143,0,303,233),(144,0,92,254),(145,0,107,215),(146,0,212,221),(147,0,194,309),(148,0,33,205),(149,0,228,149),(150,0,50,170),(151,0,36,77),(152,0,258,150),(153,0,206,170),(154,0,305,200),(155,0,18,219),(156,0,17,3),(157,0,173,50),(158,0,238,215),(159,0,301,79),(160,0,282,332),(161,0,30,341),(162,0,279,140),(163,0,287,151),(164,0,331,129),(165,0,204,53),(166,0,337,328),(167,0,255,319),(168,0,160,78),(169,0,44,167),(170,0,40,201),(171,0,27,256),(172,0,289,14),(173,0,44,99),(174,0,158,127),(175,0,140,235),(176,0,59,247),(177,0,219,79),(178,0,12,239),(179,0,240,195),(180,0,320,90),(181,0,301,296),(182,0,286,279),(183,0,50,201),(184,0,68,314),(185,0,219,151),(186,0,270,239),(187,0,155,246),(188,0,131,87),(189,0,28,326),(190,0,155,40),(191,0,246,39),(192,0,195,251),(193,0,282,55),(194,0,111,112),(195,0,200,9),(196,0,46,262),(197,0,36,96),(198,0,286,266),(199,0,145,5),(200,0,93,96),(201,0,333,208),(202,0,62,290),(203,0,173,158),(204,0,173,40),(205,0,192,73),(206,0,170,158),(207,0,174,79),(208,0,12,81),(209,0,96,77),(210,0,142,58),(211,0,79,296),(212,0,117,196),(213,0,266,246),(214,0,27,244),(215,0,191,155),(216,0,68,306),(217,0,270,127),(218,0,39,201),(219,0,284,107),(220,0,102,80),(221,0,159,332),(222,0,335,107),(223,0,123,90),(224,0,292,326),(225,0,124,287),(226,0,114,247),(227,0,172,42),(228,0,124,3),(229,0,91,26),(230,0,250,41),(231,0,130,96),(232,0,208,342),(233,0,3,169),(234,0,203,26),(235,0,30,221),(236,0,167,229),(237,0,111,254),(238,0,114,219),(239,0,59,236),(240,0,131,63),(241,0,266,50),(242,0,102,128),(243,0,174,114),(244,0,333,90),(245,0,106,214),(246,0,152,297),(247,0,277,173),(248,0,212,287),(249,0,61,91),(250,0,104,230),(251,0,155,68),(252,0,155,12),(253,0,67,179),(254,0,160,116),(255,0,36,118),(256,0,63,293),(257,0,268,117),(258,0,284,8),(259,0,105,121),(260,0,184,142),(261,0,92,193),(262,0,155,81),(263,0,85,218),(264,0,310,216),(265,0,331,79),(266,0,207,168),(267,0,266,206),(268,0,282,297),(269,0,335,233),(270,0,122,53),(271,0,29,214),(272,0,1,109),(273,0,18,169),(274,0,160,161),(275,0,170,40),(276,0,213,133),(277,0,93,177),(278,0,174,212),(279,0,314,105),(280,0,331,236),(281,0,286,50),(282,0,118,62),(283,0,184,247),(284,0,232,248),(285,0,313,147),(286,0,99,16),(287,0,297,321),(288,0,50,239),(289,0,50,285),(290,0,126,196),(291,0,198,150),(292,0,18,114),(293,0,338,317),(294,0,274,242),(295,0,194,219),(296,0,208,245),(297,0,194,296),(298,0,114,296),(299,0,206,54),(300,0,231,164),(301,0,32,312),(302,0,100,17),(303,0,250,7),(304,0,194,169),(305,0,202,106),(306,0,223,216),(307,0,198,20),(308,0,101,69),(309,0,160,214),(310,0,142,315),(311,0,129,236),(312,0,39,11),(313,0,142,326),(314,0,312,85),(315,0,252,5),(316,0,94,103),(317,0,28,309),(318,0,174,129),(319,0,104,76),(320,0,300,126),(321,0,248,251),(322,0,67,205),(323,0,111,92),(324,0,145,181),(325,0,170,73),(326,0,289,104),(327,0,96,177),(328,0,169,309),(329,0,39,127),(330,0,286,246),(331,0,169,296),(332,0,231,37),(333,0,282,223),(334,0,339,135),(335,0,302,272),(336,0,54,201),(337,0,63,150),(338,0,7,178),(339,0,230,298),(340,0,191,127),(341,0,67,244),(342,0,208,25),(343,0,191,158),(344,0,235,81),(345,0,282,216),(346,0,18,3),(347,0,271,210),(348,0,274,68),(349,0,155,242),(350,0,129,292),(351,0,100,169),(352,0,241,256),(353,0,271,302),(354,0,156,91),(355,0,304,200),(356,0,159,47),(357,0,199,80),(358,0,168,178),(359,0,99,1),(360,0,101,272),(361,0,314,12),(362,0,234,107),(363,0,220,204),(364,0,325,252),(365,0,28,315),(366,0,13,330),(367,0,290,177),(368,0,100,110),(369,0,142,30),(370,0,130,93),(371,0,228,210),(372,0,145,189),(373,0,184,18),(374,0,79,169),(375,0,236,58),(376,0,206,201),(377,0,155,285),(378,0,231,177),(379,0,129,151),(380,0,28,247),(381,0,33,258),(382,0,124,212),(383,0,237,55),(384,0,14,160),(385,0,110,151),(386,0,266,83),(387,0,146,339),(388,0,286,73),(389,0,92,90),(390,0,277,73),(391,0,207,117),(392,0,289,167),(393,0,280,334),(394,0,235,192),(395,0,325,53),(396,0,59,120),(397,0,241,63),(398,0,7,295),(399,0,167,202),(400,0,152,237),(401,0,54,105),(402,0,286,11),(403,0,40,73),(404,0,246,239),(405,0,303,223),(406,0,30,212),(407,0,191,206),(408,0,36,187),(409,0,103,41),(410,0,18,151),(411,0,232,290),(412,0,54,127),(413,0,301,247),(414,0,277,170),(415,0,156,264),(416,0,241,150),(417,0,269,200),(418,0,269,9),(419,0,112,342),(420,0,129,162),(421,0,208,70),(422,0,68,242),(423,0,54,170),(424,0,28,221),(425,0,236,114),(426,0,202,229),(427,0,32,243),(428,0,264,193),(429,0,61,249),(430,0,219,247),(431,0,91,163),(432,0,67,293),(433,0,256,131),(434,0,121,73),(435,0,46,85),(436,0,27,87),(437,0,194,287),(438,0,274,50),(439,0,168,250),(440,0,297,8),(441,0,277,274),(442,0,271,166),(443,0,101,57),(444,0,194,221),(445,0,131,147),(446,0,30,287),(447,0,144,187),(448,0,36,240),(449,0,104,214),(450,0,289,202),(451,0,207,94),(452,0,33,150),(453,0,317,128),(454,0,167,1),(455,0,331,326),(456,0,267,218),(457,0,245,320),(458,0,93,290),(459,0,58,110),(460,0,36,172),(461,0,279,54),(462,0,325,189),(463,0,232,195),(464,0,5,182),(465,0,231,172),(466,0,83,81),(467,0,237,47),(468,0,163,342),(469,0,279,246),(470,0,180,307),(471,0,341,247),(472,0,145,53),(473,0,262,218),(474,0,272,190),(475,0,331,100),(476,0,335,334),(477,0,306,81),(478,0,14,298),(479,0,291,304),(480,0,220,176),(481,0,83,314),(482,0,68,173),(483,0,338,80),(484,0,201,81),(485,0,100,58),(486,0,277,140),(487,0,146,199),(488,0,290,19),(489,0,58,3),(490,0,314,73),(491,0,58,326),(492,0,60,182),(493,0,284,335),(494,0,166,210),(495,0,126,319),(496,0,207,250),(497,0,16,78),(498,0,14,106),(499,0,233,8),(500,0,339,128),(501,0,171,224),(502,0,307,138),(503,0,213,65),(504,0,280,310),(505,0,241,56),(506,0,111,245),(507,0,144,42),(508,0,331,292),(509,0,198,258),(510,0,302,101),(511,0,142,341),(512,0,122,325),(513,0,315,151),(514,0,312,243),(515,0,198,56),(516,0,36,290),(517,0,1,298),(518,0,92,91),(519,0,303,216),(520,0,289,1),(521,0,123,175),(522,0,165,41),(523,0,176,5),(524,0,61,208),(525,0,191,68),(526,0,277,192),(527,0,112,26),(528,0,298,214),(529,0,105,81),(530,0,107,216),(531,0,265,247),(532,0,114,162),(533,0,14,214),(534,0,286,239),(535,0,300,178),(536,0,8,215),(537,0,96,42),(538,0,192,11),(539,0,114,79),(540,0,231,290),(541,0,229,230),(542,0,287,79),(543,0,279,39),(544,0,271,69),(545,0,256,293),(546,0,239,38),(547,0,1,214),(548,0,210,218),(549,0,167,161),(550,0,184,3),(551,0,286,285),(552,0,334,216),(553,0,29,76),(554,0,330,42),(555,0,32,21),(556,0,302,228),(557,0,274,173),(558,0,142,169),(559,0,59,326),(560,0,292,315),(561,0,248,187),(562,0,337,160),(563,0,146,304),(564,0,68,192),(565,0,36,330),(566,0,145,211),(567,0,303,280),(568,0,173,127),(569,0,238,8),(570,0,208,112),(571,0,27,56),(572,0,59,151),(573,0,100,162),(574,0,234,321),(575,0,174,30),(576,0,248,19),(577,0,19,42),(578,0,305,102),(579,0,212,309),(580,0,61,175),(581,0,114,169),(582,0,270,170),(583,0,302,210),(584,0,96,187),(585,0,118,195),(586,0,306,285),(587,0,58,79),(588,0,73,81),(589,0,100,247),(590,0,266,314),(591,0,334,237),(592,0,242,158),(593,0,342,90),(594,0,242,73),(595,0,227,213),(596,0,145,122),(597,0,337,16),(598,0,204,278),(599,0,206,192),(600,0,51,109),(601,0,232,42),(602,0,44,51),(603,0,59,315),(604,0,284,215),(605,0,112,193),(606,0,144,164),(607,0,114,151),(608,0,116,16),(609,0,328,116),(610,0,210,57),(611,0,254,90),(612,0,250,126),(613,0,304,80),(614,0,62,93),(615,0,44,230),(616,0,12,285),(617,0,37,42),(618,0,61,111),(619,0,51,298),(620,0,298,78),(621,0,280,237),(622,0,304,154),(623,0,50,81),(624,0,18,221),(625,0,241,67),(626,0,8,216),(627,0,270,39),(628,0,274,239),(629,0,13,251),(630,0,104,109),(631,0,243,218),(632,0,334,332),(633,0,166,312),(634,0,130,248),(635,0,191,170),(636,0,62,172),(637,0,244,56),(638,0,335,282),(639,0,40,81),(640,0,124,326),(641,0,130,251),(642,0,289,109),(643,0,317,304),(644,0,112,254),(645,0,187,164),(646,0,270,242),(647,0,173,306),(648,0,163,90),(649,0,206,140),(650,0,265,341),(651,0,279,155),(652,0,139,188),(653,0,179,63),(654,0,173,12),(655,0,211,6),(656,0,83,39),(657,0,262,85),(658,0,39,38),(659,0,279,12),(660,0,286,83),(661,0,279,235),(662,0,338,304),(663,0,325,182),(664,0,99,214),(665,0,249,264),(666,0,117,165),(667,0,21,272),(668,0,328,230),(669,0,277,39),(670,0,93,172),(671,0,59,219),(672,0,20,147),(673,0,120,162),(674,0,341,315),(675,0,170,12),(676,0,331,315),(677,0,147,87),(678,0,255,103),(679,0,245,193),(680,0,44,14),(681,0,211,122),(682,0,184,221),(683,0,299,133),(684,0,83,170),(685,0,173,201),(686,0,234,297),(687,0,286,105),(688,0,180,188),(689,0,330,19),(690,0,341,58),(691,0,291,128),(692,0,181,182),(693,0,211,278),(694,0,274,314),(695,0,240,177),(696,0,61,193),(697,0,6,204),(698,0,212,292),(699,0,176,182),(700,0,69,262),(701,0,296,151),(702,0,267,190),(703,0,231,195),(704,0,286,39),(705,0,237,215),(706,0,51,230),(707,0,129,3),(708,0,129,17),(709,0,326,3),(710,0,63,87),(711,0,100,296),(712,0,198,256),(713,0,158,192),(714,0,184,59),(715,0,174,59),(716,0,58,162),(717,0,335,8),(718,0,277,314),(719,0,206,242),(720,0,221,219),(721,0,302,312),(722,0,244,205),(723,0,80,135),(724,0,243,190),(725,0,268,165),(726,0,332,215),(727,0,289,78),(728,0,270,201),(729,0,242,50),(730,0,174,18),(731,0,1,29),(732,0,274,279),(733,0,68,40),(734,0,105,12),(735,0,337,202),(736,0,46,32),(737,0,92,70),(738,0,93,251),(739,0,196,165),(740,0,174,58),(741,0,289,51),(742,0,168,165),(743,0,30,59),(744,0,124,79),(745,0,176,278),(746,0,234,152),(747,0,335,216),(748,0,93,13),(749,0,77,164),(750,0,284,237),(751,0,191,54),(752,0,236,219),(753,0,170,121),(754,0,233,107),(755,0,250,319),(756,0,1,78),(757,0,36,232),(758,0,100,59),(759,0,18,247),(760,0,29,230),(761,0,129,247),(762,0,144,19),(763,0,118,177),(764,0,124,142),(765,0,242,12),(766,0,130,42),(767,0,126,103),(768,0,249,193),(769,0,248,240),(770,0,236,79),(771,0,245,163),(772,0,63,205),(773,0,70,193),(774,0,303,332),(775,0,300,165),(776,0,194,247),(777,0,106,298),(778,0,20,87),(779,0,341,79),(780,0,267,85),(781,0,207,295),(782,0,335,332),(783,0,284,238),(784,0,333,163),(785,0,328,104),(786,0,236,341),(787,0,277,54),(788,0,274,155),(789,0,240,19),(790,0,255,268),(791,0,250,224),(792,0,123,203),(793,0,184,100),(794,0,99,167),(795,0,238,233),(796,0,228,190),(797,0,221,296),(798,0,16,298),(799,0,17,18),(800,0,100,3),(801,0,37,177),(802,0,266,38),(803,0,297,215),(804,0,142,296),(805,0,303,321),(806,0,168,7),(807,0,234,233),(808,0,99,104),(809,0,33,244),(810,0,1,161),(811,0,203,342),(812,0,168,196),(813,0,114,309),(814,0,269,317),(815,0,314,239),(816,0,146,80),(817,0,68,81),(818,0,29,109),(819,0,39,12),(820,0,238,321),(821,0,191,279),(822,0,32,262),(823,0,278,189),(824,0,144,13),(825,0,155,105),(826,0,233,47),(827,0,99,298),(828,0,129,114),(829,0,166,149),(830,0,40,11),(831,0,291,339),(832,0,110,309),(833,0,170,127),(834,0,62,330),(835,0,61,245),(836,0,244,87),(837,0,271,267),(838,0,51,104),(839,0,207,255),(840,0,270,50),(841,0,265,114),(842,0,246,306),(843,0,271,218),(844,0,208,156),(845,0,80,128),(846,0,174,120),(847,0,129,221),(848,0,61,90),(849,0,140,40),(850,0,280,282),(851,0,280,297),(852,0,6,252),(853,0,27,67),(854,0,328,78),(855,0,284,234),(856,0,292,151),(857,0,203,175),(858,0,230,116),(859,0,301,341),(860,0,172,187),(861,0,230,76),(862,0,37,144),(863,0,100,287),(864,0,235,201),(865,0,17,296),(866,0,180,137),(867,0,83,127),(868,0,60,181),(869,0,118,232),(870,0,236,247),(871,0,36,93),(872,0,44,1),(873,0,187,251),(874,0,173,192),(875,0,123,342),(876,0,212,162),(877,0,242,306),(878,0,212,114),(879,0,221,79),(880,0,198,27),(881,0,128,154),(882,0,201,38),(883,0,109,230),(884,0,70,254),(885,0,286,235),(886,0,242,201),(887,0,30,58),(888,0,194,30),(889,0,213,260),(890,0,255,94),(891,0,202,29),(892,0,266,173),(893,0,129,169),(894,0,286,38),(895,0,46,272),(896,0,158,12),(897,0,221,169),(898,0,338,200),(899,0,266,155),(900,0,292,162),(901,0,268,196),(902,0,282,321),(903,0,103,224),(904,0,62,77),(905,0,1,16),(906,0,333,193),(907,0,338,199),(908,0,126,117),(909,0,123,61),(910,0,6,182),(911,0,54,140),(912,0,123,92),(913,0,142,100),(914,0,155,83),(915,0,124,219),(916,0,284,152),(917,0,235,38),(918,0,191,11),(919,0,105,11),(920,0,194,79),(921,0,164,251),(922,0,320,25),(923,0,191,306),(924,0,7,319),(925,0,221,110),(926,0,145,182),(927,0,287,169),(928,0,96,240),(929,0,301,151),(930,0,307,74),(931,0,94,171),(932,0,202,16),(933,0,277,201),(934,0,116,298),(935,0,193,90),(936,0,212,219),(937,0,83,242),(938,0,14,109),(939,0,139,307),(940,0,152,107),(941,0,236,169),(942,0,78,214),(943,0,255,165),(944,0,172,19),(945,0,142,59),(946,0,234,223),(947,0,183,27),(948,0,160,230),(949,0,109,116),(950,0,206,83),(951,0,191,81),(952,0,19,251),(953,0,127,38),(954,0,79,3),(955,0,117,178),(956,0,194,58),(957,0,18,110),(958,0,184,162),(959,0,101,243),(960,0,131,258),(961,0,28,212),(962,0,60,204),(963,0,140,201),(964,0,30,79),(965,0,228,46),(966,0,284,303),(967,0,131,33),(968,0,177,77),(969,0,40,38),(970,0,105,285),(971,0,120,287),(972,0,211,325),(973,0,46,190),(974,0,228,272),(975,0,187,330),(976,0,118,290),(977,0,320,342),(978,0,102,199),(979,0,44,29),(980,0,196,178),(981,0,155,121),(982,0,57,149),(983,0,44,328),(984,0,287,315),(985,0,231,118),(986,0,54,306),(987,0,280,216),(988,0,28,162),(989,0,106,16),(990,0,80,154),(991,0,332,321),(992,0,274,192),(993,0,314,127),(994,0,262,243),(995,0,312,69),(996,0,121,38),(997,0,16,214),(998,0,120,315),(999,0,233,223),(1000,0,140,81);
/*!40000 ALTER TABLE `login_prerequisite` ENABLE KEYS */;
UNLOCK TABLES;

--
-- Table structure for table `login_score`
--

DROP TABLE IF EXISTS `login_score`;
/*!40101 SET @saved_cs_client     = @@character_set_client */;
 SET character_set_client = utf8mb4 ;
CREATE TABLE `login_score` (
  `id` int(11) NOT NULL AUTO_INCREMENT,
  `score` int(11) NOT NULL,
  `lession_id` int(11) NOT NULL,
  `student_id` int(11) NOT NULL,
  PRIMARY KEY (`id`),
  KEY `login_score_student_id_1b47610d_fk_login_user_id` (`student_id`),
  KEY `login_score_lession_id_4c60aa8c_fk_login_course_id` (`lession_id`),
  CONSTRAINT `login_score_lession_id_4c60aa8c_fk_login_course_id` FOREIGN KEY (`lession_id`) REFERENCES `login_course` (`id`),
  CONSTRAINT `login_score_student_id_1b47610d_fk_login_user_id` FOREIGN KEY (`student_id`) REFERENCES `login_user` (`id`)
) ENGINE=InnoDB AUTO_INCREMENT=5 DEFAULT CHARSET=utf8mb4 COLLATE=utf8mb4_0900_ai_ci;
/*!40101 SET character_set_client = @saved_cs_client */;

--
-- Dumping data for table `login_score`
--

LOCK TABLES `login_score` WRITE;
/*!40000 ALTER TABLE `login_score` DISABLE KEYS */;
INSERT INTO `login_score` VALUES (1,80,918,401),(2,90,1215,401),(3,70,1240,401),(4,75,1267,401);
/*!40000 ALTER TABLE `login_score` ENABLE KEYS */;
UNLOCK TABLES;

--
-- Table structure for table `login_time`
--

DROP TABLE IF EXISTS `login_time`;
/*!40101 SET @saved_cs_client     = @@character_set_client */;
 SET character_set_client = utf8mb4 ;
CREATE TABLE `login_time` (
  `id` int(11) NOT NULL AUTO_INCREMENT,
  `day` varchar(100) NOT NULL,
  `number_choice` varchar(200) NOT NULL,
  `week` int(11) NOT NULL,
  PRIMARY KEY (`id`)
) ENGINE=InnoDB AUTO_INCREMENT=106 DEFAULT CHARSET=utf8mb4 COLLATE=utf8mb4_0900_ai_ci;
/*!40101 SET character_set_client = @saved_cs_client */;

--
-- Dumping data for table `login_time`
--

LOCK TABLES `login_time` WRITE;
/*!40000 ALTER TABLE `login_time` DISABLE KEYS */;
INSERT INTO `login_time` VALUES (1,'Mon','1',0),(2,'Mon','2',0),(3,'Mon','3',0),(4,'Mon','4',0),(5,'Mon','5',0),(6,'Tue','1',0),(7,'Tue','2',0),(8,'Tue','3',0),(9,'Tue','4',0),(10,'Tue','5',0),(11,'Wed','1',0),(12,'Wed','2',0),(13,'Wed','3',0),(14,'Wed','4',0),(15,'Wed','5',0),(16,'Thu','1',0),(17,'Thu','2',0),(18,'Thu','3',0),(19,'Thu','4',0),(20,'Thu','5',0),(21,'Fri','1',0),(22,'Fri','2',0),(23,'Fri','3',0),(24,'Fri','4',0),(25,'Fri','5',0),(26,'Sat','1',0),(27,'Sat','2',0),(28,'Sat','3',0),(29,'Sat','4',0),(30,'Sat','5',0),(31,'Sun','1',0),(32,'Sun','2',0),(33,'Sun','3',0),(34,'Sun','4',0),(35,'Sun','5',0),(36,'Mon','1',1),(37,'Mon','2',1),(38,'Mon','3',1),(39,'Mon','4',1),(40,'Mon','5',1),(41,'Tue','1',1),(42,'Tue','2',1),(43,'Tue','3',1),(44,'Tue','4',1),(45,'Tue','5',1),(46,'Wed','1',1),(47,'Wed','2',1),(48,'Wed','3',1),(49,'Wed','4',1),(50,'Wed','5',1),(51,'Thu','1',1),(52,'Thu','2',1),(53,'Thu','3',1),(54,'Thu','4',1),(55,'Thu','5',1),(56,'Fri','1',1),(57,'Fri','2',1),(58,'Fri','3',1),(59,'Fri','4',1),(60,'Fri','5',1),(61,'Sat','1',1),(62,'Sat','2',1),(63,'Sat','3',1),(64,'Sat','4',1),(65,'Sat','5',1),(66,'Sun','1',1),(67,'Sun','2',1),(68,'Sun','3',1),(69,'Sun','4',1),(70,'Sun','5',1),(71,'Mon','1',2),(72,'Mon','2',2),(73,'Mon','3',2),(74,'Mon','4',2),(75,'Mon','5',2),(76,'Tue','1',2),(77,'Tue','2',2),(78,'Tue','3',2),(79,'Tue','4',2),(80,'Tue','5',2),(81,'Wed','1',2),(82,'Wed','2',2),(83,'Wed','3',2),(84,'Wed','4',2),(85,'Wed','5',2),(86,'Thu','1',2),(87,'Thu','2',2),(88,'Thu','3',2),(89,'Thu','4',2),(90,'Thu','5',2),(91,'Fri','1',2),(92,'Fri','2',2),(93,'Fri','3',2),(94,'Fri','4',2),(95,'Fri','5',2),(96,'Sat','1',2),(97,'Sat','2',2),(98,'Sat','3',2),(99,'Sat','4',2),(100,'Sat','5',2),(101,'Sun','1',2),(102,'Sun','2',2),(103,'Sun','3',2),(104,'Sun','4',2),(105,'Sun','5',2);
/*!40000 ALTER TABLE `login_time` ENABLE KEYS */;
UNLOCK TABLES;

--
-- Table structure for table `login_user`
--

DROP TABLE IF EXISTS `login_user`;
/*!40101 SET @saved_cs_client     = @@character_set_client */;
 SET character_set_client = utf8mb4 ;
CREATE TABLE `login_user` (
  `id` int(11) NOT NULL AUTO_INCREMENT,
  `name` varchar(128) NOT NULL,
  `password` varchar(256) NOT NULL,
  `email` varchar(254) NOT NULL,
  `sex` varchar(32) NOT NULL,
  `c_time` datetime(6) NOT NULL,
  `credit_limit` int(11) NOT NULL,
  `year` int(11) NOT NULL,
  `department_id` int(11) NOT NULL,
  PRIMARY KEY (`id`),
  UNIQUE KEY `name` (`name`),
  UNIQUE KEY `email` (`email`),
  KEY `login_user_department_id_d4c42edf_fk_login_department_id` (`department_id`),
  CONSTRAINT `login_user_department_id_d4c42edf_fk_login_department_id` FOREIGN KEY (`department_id`) REFERENCES `login_department` (`id`)
) ENGINE=InnoDB AUTO_INCREMENT=402 DEFAULT CHARSET=utf8mb4 COLLATE=utf8mb4_0900_ai_ci;
/*!40101 SET character_set_client = @saved_cs_client */;

--
-- Dumping data for table `login_user`
--

LOCK TABLES `login_user` WRITE;
/*!40000 ALTER TABLE `login_user` DISABLE KEYS */;
INSERT INTO `login_user` VALUES (1,'11611150','123','11611150@mail','male','2018-12-27 09:45:26.000000',30,2016,16),(2,'11719174','123','11719174@mail','male','2018-12-27 09:45:26.000000',30,2017,14),(3,'11712092','123','11712092@mail','male','2018-12-27 09:45:26.000000',30,2017,25),(4,'11817257','123','11817257@mail','male','2018-12-27 09:45:26.000000',30,2018,1),(5,'11812329','123','11812329@mail','male','2018-12-27 09:45:26.000000',30,2018,19),(6,'11813862','123','11813862@mail','male','2018-12-27 09:45:26.000000',30,2018,25),(7,'11717044','123','11717044@mail','male','2018-12-27 09:45:26.000000',30,2017,14),(8,'11815499','123','11815499@mail','male','2018-12-27 09:45:26.000000',30,2018,4),(9,'11616061','123','11616061@mail','male','2018-12-27 09:45:26.000000',30,2016,20),(10,'11711847','123','11711847@mail','male','2018-12-27 09:45:26.000000',30,2017,7),(11,'11719303','123','11719303@mail','male','2018-12-27 09:45:26.000000',30,2017,19),(12,'11812333','123','11812333@mail','male','2018-12-27 09:45:26.000000',30,2018,14),(13,'11717230','123','11717230@mail','male','2018-12-27 09:45:26.000000',30,2017,20),(14,'11812354','123','11812354@mail','male','2018-12-27 09:45:26.000000',30,2018,4),(15,'11712408','123','11712408@mail','male','2018-12-27 09:45:26.000000',30,2017,10),(16,'11516445','123','11516445@mail','male','2018-12-27 09:45:26.000000',30,2015,19),(17,'11716116','123','11716116@mail','male','2018-12-27 09:45:26.000000',30,2017,19),(18,'11519233','123','11519233@mail','male','2018-12-27 09:45:26.000000',30,2015,13),(19,'11819905','123','11819905@mail','male','2018-12-27 09:45:26.000000',30,2018,14),(20,'11613393','123','11613393@mail','male','2018-12-27 09:45:26.000000',30,2016,25),(21,'11614590','123','11614590@mail','male','2018-12-27 09:45:26.000000',30,2016,19),(22,'11612345','123','11612345@mail','male','2018-12-27 09:45:26.000000',30,2016,11),(23,'11519085','123','11519085@mail','male','2018-12-27 09:45:26.000000',30,2015,2),(24,'11519189','123','11519189@mail','male','2018-12-27 09:45:26.000000',30,2015,25),(25,'11512853','123','11512853@mail','male','2018-12-27 09:45:26.000000',30,2015,15),(26,'11815214','123','11815214@mail','male','2018-12-27 09:45:26.000000',30,2018,15),(27,'11516776','123','11516776@mail','male','2018-12-27 09:45:26.000000',30,2015,25),(28,'11716600','123','11716600@mail','male','2018-12-27 09:45:26.000000',30,2017,1),(29,'11711550','123','11711550@mail','male','2018-12-27 09:45:26.000000',30,2017,20),(30,'11516867','123','11516867@mail','male','2018-12-27 09:45:26.000000',30,2015,19),(31,'11811027','123','11811027@mail','male','2018-12-27 09:45:26.000000',30,2018,14),(32,'11812176','123','11812176@mail','male','2018-12-27 09:45:26.000000',30,2018,4),(33,'11714694','123','11714694@mail','male','2018-12-27 09:45:26.000000',30,2017,7),(34,'11713543','123','11713543@mail','male','2018-12-27 09:45:26.000000',30,2017,16),(35,'11713154','123','11713154@mail','male','2018-12-27 09:45:26.000000',30,2017,2),(36,'11812314','123','11812314@mail','male','2018-12-27 09:45:26.000000',30,2018,10),(37,'11812037','123','11812037@mail','male','2018-12-27 09:45:26.000000',30,2018,15),(38,'11618178','123','11618178@mail','male','2018-12-27 09:45:26.000000',30,2016,4),(39,'11818572','123','11818572@mail','male','2018-12-27 09:45:26.000000',30,2018,11),(40,'11716933','123','11716933@mail','male','2018-12-27 09:45:26.000000',30,2017,14),(41,'11614963','123','11614963@mail','male','2018-12-27 09:45:26.000000',30,2016,1),(42,'11814634','123','11814634@mail','male','2018-12-27 09:45:26.000000',30,2018,1),(43,'11812693','123','11812693@mail','male','2018-12-27 09:45:26.000000',30,2018,13),(44,'11613912','123','11613912@mail','male','2018-12-27 09:45:26.000000',30,2016,11),(45,'11818699','123','11818699@mail','male','2018-12-27 09:45:26.000000',30,2018,10),(46,'11818111','123','11818111@mail','male','2018-12-27 09:45:26.000000',30,2018,5),(47,'11516778','123','11516778@mail','male','2018-12-27 09:45:26.000000',30,2015,20),(48,'11616929','123','11616929@mail','male','2018-12-27 09:45:26.000000',30,2016,2),(49,'11719228','123','11719228@mail','male','2018-12-27 09:45:26.000000',30,2017,10),(50,'11512542','123','11512542@mail','male','2018-12-27 09:45:26.000000',30,2015,5),(51,'11515104','123','11515104@mail','male','2018-12-27 09:45:26.000000',30,2015,7),(52,'11617010','123','11617010@mail','male','2018-12-27 09:45:26.000000',30,2016,11),(53,'11712330','123','11712330@mail','male','2018-12-27 09:45:26.000000',30,2017,1),(54,'11512800','123','11512800@mail','male','2018-12-27 09:45:26.000000',30,2015,16),(55,'11711903','123','11711903@mail','male','2018-12-27 09:45:26.000000',30,2017,10),(56,'11717437','123','11717437@mail','male','2018-12-27 09:45:26.000000',30,2017,5),(57,'11816654','123','11816654@mail','male','2018-12-27 09:45:26.000000',30,2018,20),(58,'11511061','123','11511061@mail','male','2018-12-27 09:45:26.000000',30,2015,14),(59,'11616534','123','11616534@mail','male','2018-12-27 09:45:26.000000',30,2016,14),(60,'11813623','123','11813623@mail','male','2018-12-27 09:45:26.000000',30,2018,2),(61,'11715345','123','11715345@mail','male','2018-12-27 09:45:26.000000',30,2017,13),(62,'11611817','123','11611817@mail','male','2018-12-27 09:45:26.000000',30,2016,2),(63,'11819575','123','11819575@mail','male','2018-12-27 09:45:26.000000',30,2018,4),(64,'11514825','123','11514825@mail','male','2018-12-27 09:45:26.000000',30,2015,25),(65,'11616616','123','11616616@mail','male','2018-12-27 09:45:26.000000',30,2016,2),(66,'11814835','123','11814835@mail','male','2018-12-27 09:45:26.000000',30,2018,7),(67,'11712596','123','11712596@mail','male','2018-12-27 09:45:26.000000',30,2017,5),(68,'11512145','123','11512145@mail','male','2018-12-27 09:45:26.000000',30,2015,5),(69,'11514941','123','11514941@mail','male','2018-12-27 09:45:26.000000',30,2015,1),(70,'11514260','123','11514260@mail','male','2018-12-27 09:45:26.000000',30,2015,22),(71,'11518916','123','11518916@mail','male','2018-12-27 09:45:26.000000',30,2015,10),(72,'11513643','123','11513643@mail','male','2018-12-27 09:45:26.000000',30,2015,25),(73,'11613891','123','11613891@mail','male','2018-12-27 09:45:26.000000',30,2016,20),(74,'11619599','123','11619599@mail','male','2018-12-27 09:45:26.000000',30,2016,1),(75,'11615778','123','11615778@mail','male','2018-12-27 09:45:26.000000',30,2016,20),(76,'11517657','123','11517657@mail','male','2018-12-27 09:45:26.000000',30,2015,20),(77,'11616663','123','11616663@mail','male','2018-12-27 09:45:26.000000',30,2016,13),(78,'11514348','123','11514348@mail','male','2018-12-27 09:45:26.000000',30,2015,11),(79,'11614492','123','11614492@mail','male','2018-12-27 09:45:26.000000',30,2016,7),(80,'11718909','123','11718909@mail','male','2018-12-27 09:45:26.000000',30,2017,10),(81,'11718007','123','11718007@mail','male','2018-12-27 09:45:26.000000',30,2017,20),(82,'11616638','123','11616638@mail','male','2018-12-27 09:45:26.000000',30,2016,19),(83,'11614899','123','11614899@mail','male','2018-12-27 09:45:26.000000',30,2016,20),(84,'11515460','123','11515460@mail','male','2018-12-27 09:45:26.000000',30,2015,22),(85,'11617062','123','11617062@mail','male','2018-12-27 09:45:26.000000',30,2016,25),(86,'11719960','123','11719960@mail','male','2018-12-27 09:45:26.000000',30,2017,15),(87,'11715093','123','11715093@mail','male','2018-12-27 09:45:26.000000',30,2017,20),(88,'11612290','123','11612290@mail','male','2018-12-27 09:45:26.000000',30,2016,1),(89,'11816252','123','11816252@mail','male','2018-12-27 09:45:26.000000',30,2018,7),(90,'11814986','123','11814986@mail','male','2018-12-27 09:45:26.000000',30,2018,19),(91,'11517364','123','11517364@mail','male','2018-12-27 09:45:26.000000',30,2015,7),(92,'11612694','123','11612694@mail','male','2018-12-27 09:45:26.000000',30,2016,16),(93,'11612422','123','11612422@mail','male','2018-12-27 09:45:26.000000',30,2016,2),(94,'11714456','123','11714456@mail','male','2018-12-27 09:45:26.000000',30,2017,7),(95,'11715611','123','11715611@mail','male','2018-12-27 09:45:26.000000',30,2017,10),(96,'11617624','123','11617624@mail','male','2018-12-27 09:45:26.000000',30,2016,15),(97,'11615530','123','11615530@mail','male','2018-12-27 09:45:26.000000',30,2016,13),(98,'11812801','123','11812801@mail','male','2018-12-27 09:45:26.000000',30,2018,19),(99,'11817605','123','11817605@mail','male','2018-12-27 09:45:26.000000',30,2018,15),(100,'11512074','123','11512074@mail','male','2018-12-27 09:45:26.000000',30,2015,7),(101,'11619916','123','11619916@mail','male','2018-12-27 09:45:26.000000',30,2016,5),(102,'11714404','123','11714404@mail','male','2018-12-27 09:45:26.000000',30,2017,16),(103,'11518586','123','11518586@mail','male','2018-12-27 09:45:26.000000',30,2015,10),(104,'11511857','123','11511857@mail','male','2018-12-27 09:45:26.000000',30,2015,19),(105,'11511247','123','11511247@mail','male','2018-12-27 09:45:26.000000',30,2015,13),(106,'11513348','123','11513348@mail','male','2018-12-27 09:45:26.000000',30,2015,25),(107,'11816881','123','11816881@mail','male','2018-12-27 09:45:26.000000',30,2018,10),(108,'11613865','123','11613865@mail','male','2018-12-27 09:45:26.000000',30,2016,1),(109,'11611233','123','11611233@mail','male','2018-12-27 09:45:26.000000',30,2016,22),(110,'11513373','123','11513373@mail','male','2018-12-27 09:45:26.000000',30,2015,20),(111,'11618469','123','11618469@mail','male','2018-12-27 09:45:26.000000',30,2016,19),(112,'11717184','123','11717184@mail','male','2018-12-27 09:45:26.000000',30,2017,7),(113,'11611982','123','11611982@mail','male','2018-12-27 09:45:26.000000',30,2016,19),(114,'11715950','123','11715950@mail','male','2018-12-27 09:45:26.000000',30,2017,4),(115,'11713107','123','11713107@mail','male','2018-12-27 09:45:26.000000',30,2017,11),(116,'11813125','123','11813125@mail','male','2018-12-27 09:45:26.000000',30,2018,19),(117,'11814804','123','11814804@mail','male','2018-12-27 09:45:26.000000',30,2018,19),(118,'11817455','123','11817455@mail','male','2018-12-27 09:45:26.000000',30,2018,15),(119,'11814073','123','11814073@mail','male','2018-12-27 09:45:26.000000',30,2018,1),(120,'11712644','123','11712644@mail','male','2018-12-27 09:45:26.000000',30,2017,1),(121,'11513800','123','11513800@mail','male','2018-12-27 09:45:26.000000',30,2015,13),(122,'11811900','123','11811900@mail','male','2018-12-27 09:45:26.000000',30,2018,7),(123,'11517594','123','11517594@mail','male','2018-12-27 09:45:26.000000',30,2015,25),(124,'11511677','123','11511677@mail','male','2018-12-27 09:45:26.000000',30,2015,16),(125,'11716184','123','11716184@mail','male','2018-12-27 09:45:26.000000',30,2017,13),(126,'11816342','123','11816342@mail','male','2018-12-27 09:45:26.000000',30,2018,25),(127,'11719400','123','11719400@mail','male','2018-12-27 09:45:26.000000',30,2017,25),(128,'11618840','123','11618840@mail','male','2018-12-27 09:45:26.000000',30,2016,7),(129,'11618356','123','11618356@mail','male','2018-12-27 09:45:26.000000',30,2016,19),(130,'11518952','123','11518952@mail','male','2018-12-27 09:45:26.000000',30,2015,25),(131,'11514203','123','11514203@mail','male','2018-12-27 09:45:26.000000',30,2015,13),(132,'11813478','123','11813478@mail','male','2018-12-27 09:45:26.000000',30,2018,20),(133,'11513538','123','11513538@mail','male','2018-12-27 09:45:26.000000',30,2015,22),(134,'11716089','123','11716089@mail','male','2018-12-27 09:45:26.000000',30,2017,13),(135,'11819193','123','11819193@mail','male','2018-12-27 09:45:26.000000',30,2018,11),(136,'11819490','123','11819490@mail','male','2018-12-27 09:45:26.000000',30,2018,15),(137,'11518741','123','11518741@mail','male','2018-12-27 09:45:26.000000',30,2015,16),(138,'11816224','123','11816224@mail','male','2018-12-27 09:45:26.000000',30,2018,22),(139,'11719420','123','11719420@mail','male','2018-12-27 09:45:26.000000',30,2017,11),(140,'11811953','123','11811953@mail','male','2018-12-27 09:45:26.000000',30,2018,25),(141,'11816505','123','11816505@mail','male','2018-12-27 09:45:26.000000',30,2018,4),(142,'11817097','123','11817097@mail','male','2018-12-27 09:45:26.000000',30,2018,13),(143,'11619279','123','11619279@mail','male','2018-12-27 09:45:26.000000',30,2016,1),(144,'11717270','123','11717270@mail','male','2018-12-27 09:45:26.000000',30,2017,22),(145,'11716986','123','11716986@mail','male','2018-12-27 09:45:26.000000',30,2017,1),(146,'11813156','123','11813156@mail','male','2018-12-27 09:45:26.000000',30,2018,19),(147,'11611684','123','11611684@mail','male','2018-12-27 09:45:26.000000',30,2016,20),(148,'11816502','123','11816502@mail','male','2018-12-27 09:45:26.000000',30,2018,14),(149,'11517254','123','11517254@mail','male','2018-12-27 09:45:26.000000',30,2015,25),(150,'11816047','123','11816047@mail','male','2018-12-27 09:45:26.000000',30,2018,20),(151,'11717656','123','11717656@mail','male','2018-12-27 09:45:26.000000',30,2017,20),(152,'11511771','123','11511771@mail','male','2018-12-27 09:45:26.000000',30,2015,14),(153,'11516671','123','11516671@mail','male','2018-12-27 09:45:26.000000',30,2015,19),(154,'11715823','123','11715823@mail','male','2018-12-27 09:45:26.000000',30,2017,22),(155,'11718716','123','11718716@mail','male','2018-12-27 09:45:26.000000',30,2017,19),(156,'11615291','123','11615291@mail','male','2018-12-27 09:45:26.000000',30,2016,2),(157,'11512610','123','11512610@mail','male','2018-12-27 09:45:26.000000',30,2015,4),(158,'11616230','123','11616230@mail','male','2018-12-27 09:45:26.000000',30,2016,14),(159,'11811748','123','11811748@mail','male','2018-12-27 09:45:26.000000',30,2018,14),(160,'11514072','123','11514072@mail','male','2018-12-27 09:45:26.000000',30,2015,14),(161,'11711558','123','11711558@mail','male','2018-12-27 09:45:26.000000',30,2017,15),(162,'11513733','123','11513733@mail','male','2018-12-27 09:45:26.000000',30,2015,15),(163,'11515504','123','11515504@mail','male','2018-12-27 09:45:26.000000',30,2015,5),(164,'11517497','123','11517497@mail','male','2018-12-27 09:45:26.000000',30,2015,16),(165,'11519003','123','11519003@mail','male','2018-12-27 09:45:26.000000',30,2015,14),(166,'11519591','123','11519591@mail','male','2018-12-27 09:45:26.000000',30,2015,22),(167,'11815565','123','11815565@mail','male','2018-12-27 09:45:26.000000',30,2018,15),(168,'11815123','123','11815123@mail','male','2018-12-27 09:45:26.000000',30,2018,14),(169,'11819680','123','11819680@mail','male','2018-12-27 09:45:26.000000',30,2018,13),(170,'11519845','123','11519845@mail','male','2018-12-27 09:45:26.000000',30,2015,19),(171,'11517363','123','11517363@mail','male','2018-12-27 09:45:26.000000',30,2015,25),(172,'11613240','123','11613240@mail','male','2018-12-27 09:45:26.000000',30,2016,4),(173,'11516834','123','11516834@mail','male','2018-12-27 09:45:26.000000',30,2015,20),(174,'11618768','123','11618768@mail','male','2018-12-27 09:45:26.000000',30,2016,25),(175,'11515199','123','11515199@mail','male','2018-12-27 09:45:26.000000',30,2015,19),(176,'11717262','123','11717262@mail','male','2018-12-27 09:45:26.000000',30,2017,25),(177,'11718272','123','11718272@mail','male','2018-12-27 09:45:26.000000',30,2017,7),(178,'11812570','123','11812570@mail','male','2018-12-27 09:45:26.000000',30,2018,5),(179,'11611254','123','11611254@mail','male','2018-12-27 09:45:26.000000',30,2016,25),(180,'11814502','123','11814502@mail','male','2018-12-27 09:45:26.000000',30,2018,14),(181,'11613962','123','11613962@mail','male','2018-12-27 09:45:26.000000',30,2016,14),(182,'11618403','123','11618403@mail','male','2018-12-27 09:45:26.000000',30,2016,16),(183,'11515000','123','11515000@mail','male','2018-12-27 09:45:26.000000',30,2015,11),(184,'11519847','123','11519847@mail','male','2018-12-27 09:45:26.000000',30,2015,15),(185,'11819318','123','11819318@mail','male','2018-12-27 09:45:26.000000',30,2018,11),(186,'11713032','123','11713032@mail','male','2018-12-27 09:45:26.000000',30,2017,22),(187,'11818846','123','11818846@mail','male','2018-12-27 09:45:26.000000',30,2018,19),(188,'11619369','123','11619369@mail','male','2018-12-27 09:45:26.000000',30,2016,25),(189,'11619025','123','11619025@mail','male','2018-12-27 09:45:26.000000',30,2016,25),(190,'11514279','123','11514279@mail','male','2018-12-27 09:45:26.000000',30,2015,11),(191,'11617919','123','11617919@mail','male','2018-12-27 09:45:26.000000',30,2016,15),(192,'11619594','123','11619594@mail','male','2018-12-27 09:45:26.000000',30,2016,7),(193,'11615741','123','11615741@mail','male','2018-12-27 09:45:26.000000',30,2016,22),(194,'11816605','123','11816605@mail','male','2018-12-27 09:45:26.000000',30,2018,22),(195,'11516798','123','11516798@mail','male','2018-12-27 09:45:26.000000',30,2015,20),(196,'11615253','123','11615253@mail','male','2018-12-27 09:45:26.000000',30,2016,19),(197,'11811109','123','11811109@mail','male','2018-12-27 09:45:26.000000',30,2018,14),(198,'11516120','123','11516120@mail','male','2018-12-27 09:45:26.000000',30,2015,25),(199,'11612205','123','11612205@mail','male','2018-12-27 09:45:26.000000',30,2016,20),(200,'11613576','123','11613576@mail','male','2018-12-27 09:45:26.000000',30,2016,15),(201,'11613967','123','11613967@mail','male','2018-12-27 09:45:26.000000',30,2016,13),(202,'11513193','123','11513193@mail','male','2018-12-27 09:45:26.000000',30,2015,13),(203,'11511765','123','11511765@mail','male','2018-12-27 09:45:26.000000',30,2015,19),(204,'11815532','123','11815532@mail','male','2018-12-27 09:45:26.000000',30,2018,13),(205,'11513788','123','11513788@mail','male','2018-12-27 09:45:26.000000',30,2015,4),(206,'11514273','123','11514273@mail','male','2018-12-27 09:45:26.000000',30,2015,19),(207,'11819520','123','11819520@mail','male','2018-12-27 09:45:26.000000',30,2018,25),(208,'11618665','123','11618665@mail','male','2018-12-27 09:45:26.000000',30,2016,20),(209,'11515328','123','11515328@mail','male','2018-12-27 09:45:26.000000',30,2015,11),(210,'11718565','123','11718565@mail','male','2018-12-27 09:45:26.000000',30,2017,20),(211,'11715615','123','11715615@mail','male','2018-12-27 09:45:26.000000',30,2017,13),(212,'11811616','123','11811616@mail','male','2018-12-27 09:45:26.000000',30,2018,16),(213,'11519034','123','11519034@mail','male','2018-12-27 09:45:26.000000',30,2015,15),(214,'11616828','123','11616828@mail','male','2018-12-27 09:45:26.000000',30,2016,11),(215,'11516031','123','11516031@mail','male','2018-12-27 09:45:26.000000',30,2015,13),(216,'11514285','123','11514285@mail','male','2018-12-27 09:45:26.000000',30,2015,2),(217,'11615969','123','11615969@mail','male','2018-12-27 09:45:26.000000',30,2016,19),(218,'11513110','123','11513110@mail','male','2018-12-27 09:45:26.000000',30,2015,1),(219,'11712192','123','11712192@mail','male','2018-12-27 09:45:26.000000',30,2017,22),(220,'11614503','123','11614503@mail','male','2018-12-27 09:45:26.000000',30,2016,19),(221,'11512241','123','11512241@mail','male','2018-12-27 09:45:26.000000',30,2015,10),(222,'11613424','123','11613424@mail','male','2018-12-27 09:45:26.000000',30,2016,22),(223,'11816429','123','11816429@mail','male','2018-12-27 09:45:26.000000',30,2018,10),(224,'11617157','123','11617157@mail','male','2018-12-27 09:45:26.000000',30,2016,20),(225,'11714066','123','11714066@mail','male','2018-12-27 09:45:26.000000',30,2017,10),(226,'11511962','123','11511962@mail','male','2018-12-27 09:45:26.000000',30,2015,14),(227,'11619639','123','11619639@mail','male','2018-12-27 09:45:26.000000',30,2016,13),(228,'11811155','123','11811155@mail','male','2018-12-27 09:45:26.000000',30,2018,5),(229,'11812812','123','11812812@mail','male','2018-12-27 09:45:26.000000',30,2018,25),(230,'11811379','123','11811379@mail','male','2018-12-27 09:45:26.000000',30,2018,14),(231,'11818102','123','11818102@mail','male','2018-12-27 09:45:26.000000',30,2018,1),(232,'11818560','123','11818560@mail','male','2018-12-27 09:45:26.000000',30,2018,15),(233,'11718044','123','11718044@mail','male','2018-12-27 09:45:26.000000',30,2017,20),(234,'11517060','123','11517060@mail','male','2018-12-27 09:45:26.000000',30,2015,15),(235,'11717232','123','11717232@mail','male','2018-12-27 09:45:26.000000',30,2017,16),(236,'11516447','123','11516447@mail','male','2018-12-27 09:45:26.000000',30,2015,4),(237,'11719002','123','11719002@mail','male','2018-12-27 09:45:26.000000',30,2017,4),(238,'11514838','123','11514838@mail','male','2018-12-27 09:45:26.000000',30,2015,16),(239,'11617376','123','11617376@mail','male','2018-12-27 09:45:26.000000',30,2016,15),(240,'11616679','123','11616679@mail','male','2018-12-27 09:45:26.000000',30,2016,1),(241,'11613943','123','11613943@mail','male','2018-12-27 09:45:26.000000',30,2016,2),(242,'11613140','123','11613140@mail','male','2018-12-27 09:45:26.000000',30,2016,25),(243,'11712039','123','11712039@mail','male','2018-12-27 09:45:26.000000',30,2017,25),(244,'11712645','123','11712645@mail','male','2018-12-27 09:45:26.000000',30,2017,5),(245,'11613524','123','11613524@mail','male','2018-12-27 09:45:26.000000',30,2016,2),(246,'11819309','123','11819309@mail','male','2018-12-27 09:45:26.000000',30,2018,16),(247,'11818531','123','11818531@mail','male','2018-12-27 09:45:26.000000',30,2018,16),(248,'11513268','123','11513268@mail','male','2018-12-27 09:45:26.000000',30,2015,5),(249,'11719319','123','11719319@mail','male','2018-12-27 09:45:26.000000',30,2017,15),(250,'11618734','123','11618734@mail','male','2018-12-27 09:45:26.000000',30,2016,22),(251,'11612172','123','11612172@mail','male','2018-12-27 09:45:26.000000',30,2016,1),(252,'11719906','123','11719906@mail','male','2018-12-27 09:45:26.000000',30,2017,19),(253,'11811244','123','11811244@mail','male','2018-12-27 09:45:26.000000',30,2018,25),(254,'11817886','123','11817886@mail','male','2018-12-27 09:45:26.000000',30,2018,10),(255,'11511793','123','11511793@mail','male','2018-12-27 09:45:26.000000',30,2015,16),(256,'11812312','123','11812312@mail','male','2018-12-27 09:45:26.000000',30,2018,20),(257,'11815860','123','11815860@mail','male','2018-12-27 09:45:26.000000',30,2018,5),(258,'11514411','123','11514411@mail','male','2018-12-27 09:45:26.000000',30,2015,22),(259,'11613625','123','11613625@mail','male','2018-12-27 09:45:26.000000',30,2016,25),(260,'11714758','123','11714758@mail','male','2018-12-27 09:45:26.000000',30,2017,7),(261,'11511155','123','11511155@mail','male','2018-12-27 09:45:26.000000',30,2015,19),(262,'11618413','123','11618413@mail','male','2018-12-27 09:45:26.000000',30,2016,5),(263,'11617063','123','11617063@mail','male','2018-12-27 09:45:26.000000',30,2016,2),(264,'11718441','123','11718441@mail','male','2018-12-27 09:45:26.000000',30,2017,22),(265,'11713012','123','11713012@mail','male','2018-12-27 09:45:26.000000',30,2017,7),(266,'11819858','123','11819858@mail','male','2018-12-27 09:45:26.000000',30,2018,10),(267,'11814770','123','11814770@mail','male','2018-12-27 09:45:26.000000',30,2018,5),(268,'11715946','123','11715946@mail','male','2018-12-27 09:45:26.000000',30,2017,16),(269,'11818354','123','11818354@mail','male','2018-12-27 09:45:26.000000',30,2018,2),(270,'11614085','123','11614085@mail','male','2018-12-27 09:45:26.000000',30,2016,2),(271,'11814191','123','11814191@mail','male','2018-12-27 09:45:26.000000',30,2018,20),(272,'11513212','123','11513212@mail','male','2018-12-27 09:45:26.000000',30,2015,2),(273,'11717264','123','11717264@mail','male','2018-12-27 09:45:26.000000',30,2017,22),(274,'11813151','123','11813151@mail','male','2018-12-27 09:45:26.000000',30,2018,5),(275,'11615901','123','11615901@mail','male','2018-12-27 09:45:26.000000',30,2016,20),(276,'11511629','123','11511629@mail','male','2018-12-27 09:45:26.000000',30,2015,19),(277,'11513432','123','11513432@mail','male','2018-12-27 09:45:26.000000',30,2015,13),(278,'11512500','123','11512500@mail','male','2018-12-27 09:45:26.000000',30,2015,22),(279,'11713169','123','11713169@mail','male','2018-12-27 09:45:26.000000',30,2017,11),(280,'11713127','123','11713127@mail','male','2018-12-27 09:45:26.000000',30,2017,11),(281,'11713400','123','11713400@mail','male','2018-12-27 09:45:26.000000',30,2017,14),(282,'11514100','123','11514100@mail','male','2018-12-27 09:45:26.000000',30,2015,2),(283,'11518149','123','11518149@mail','male','2018-12-27 09:45:26.000000',30,2015,25),(284,'11616936','123','11616936@mail','male','2018-12-27 09:45:26.000000',30,2016,7),(285,'11618241','123','11618241@mail','male','2018-12-27 09:45:26.000000',30,2016,7),(286,'11615214','123','11615214@mail','male','2018-12-27 09:45:26.000000',30,2016,15),(287,'11615503','123','11615503@mail','male','2018-12-27 09:45:26.000000',30,2016,15),(288,'11718440','123','11718440@mail','male','2018-12-27 09:45:26.000000',30,2017,7),(289,'11516261','123','11516261@mail','male','2018-12-27 09:45:26.000000',30,2015,16),(290,'11811650','123','11811650@mail','male','2018-12-27 09:45:26.000000',30,2018,13),(291,'11615285','123','11615285@mail','male','2018-12-27 09:45:26.000000',30,2016,19),(292,'11819749','123','11819749@mail','male','2018-12-27 09:45:26.000000',30,2018,19),(293,'11617308','123','11617308@mail','male','2018-12-27 09:45:26.000000',30,2016,20),(294,'11819602','123','11819602@mail','male','2018-12-27 09:45:26.000000',30,2018,22),(295,'11819796','123','11819796@mail','male','2018-12-27 09:45:26.000000',30,2018,25),(296,'11615462','123','11615462@mail','male','2018-12-27 09:45:26.000000',30,2016,13),(297,'11718601','123','11718601@mail','male','2018-12-27 09:45:26.000000',30,2017,2),(298,'11719216','123','11719216@mail','male','2018-12-27 09:45:26.000000',30,2017,19),(299,'11516481','123','11516481@mail','male','2018-12-27 09:45:26.000000',30,2015,4),(300,'11619072','123','11619072@mail','male','2018-12-27 09:45:26.000000',30,2016,4),(301,'11815881','123','11815881@mail','male','2018-12-27 09:45:26.000000',30,2018,5),(302,'11715025','123','11715025@mail','male','2018-12-27 09:45:26.000000',30,2017,14),(303,'11718115','123','11718115@mail','male','2018-12-27 09:45:26.000000',30,2017,10),(304,'11515138','123','11515138@mail','male','2018-12-27 09:45:26.000000',30,2015,2),(305,'11612460','123','11612460@mail','male','2018-12-27 09:45:26.000000',30,2016,20),(306,'11818064','123','11818064@mail','male','2018-12-27 09:45:26.000000',30,2018,20),(307,'11814942','123','11814942@mail','male','2018-12-27 09:45:26.000000',30,2018,22),(308,'11718912','123','11718912@mail','male','2018-12-27 09:45:26.000000',30,2017,16),(309,'11714757','123','11714757@mail','male','2018-12-27 09:45:26.000000',30,2017,2),(310,'11516985','123','11516985@mail','male','2018-12-27 09:45:26.000000',30,2015,19),(311,'11811656','123','11811656@mail','male','2018-12-27 09:45:26.000000',30,2018,20),(312,'11613403','123','11613403@mail','male','2018-12-27 09:45:26.000000',30,2016,16),(313,'11719563','123','11719563@mail','male','2018-12-27 09:45:26.000000',30,2017,10),(314,'11813514','123','11813514@mail','male','2018-12-27 09:45:26.000000',30,2018,5),(315,'11514230','123','11514230@mail','male','2018-12-27 09:45:26.000000',30,2015,1),(316,'11511955','123','11511955@mail','male','2018-12-27 09:45:26.000000',30,2015,25),(317,'11711607','123','11711607@mail','male','2018-12-27 09:45:26.000000',30,2017,16),(318,'11613681','123','11613681@mail','male','2018-12-27 09:45:26.000000',30,2016,22),(319,'11816262','123','11816262@mail','male','2018-12-27 09:45:26.000000',30,2018,13),(320,'11715542','123','11715542@mail','male','2018-12-27 09:45:26.000000',30,2017,13),(321,'11613707','123','11613707@mail','male','2018-12-27 09:45:26.000000',30,2016,5),(322,'11811156','123','11811156@mail','male','2018-12-27 09:45:26.000000',30,2018,19),(323,'11818686','123','11818686@mail','male','2018-12-27 09:45:26.000000',30,2018,25),(324,'11515575','123','11515575@mail','male','2018-12-27 09:45:26.000000',30,2015,22),(325,'11515666','123','11515666@mail','male','2018-12-27 09:45:26.000000',30,2015,25),(326,'11815936','123','11815936@mail','male','2018-12-27 09:45:26.000000',30,2018,5),(327,'11814057','123','11814057@mail','male','2018-12-27 09:45:26.000000',30,2018,22),(328,'11619471','123','11619471@mail','male','2018-12-27 09:45:26.000000',30,2016,22),(329,'11811266','123','11811266@mail','male','2018-12-27 09:45:26.000000',30,2018,19),(330,'11718721','123','11718721@mail','male','2018-12-27 09:45:26.000000',30,2017,14),(331,'11513079','123','11513079@mail','male','2018-12-27 09:45:26.000000',30,2015,20),(332,'11611927','123','11611927@mail','male','2018-12-27 09:45:26.000000',30,2016,15),(333,'11616215','123','11616215@mail','male','2018-12-27 09:45:26.000000',30,2016,25),(334,'11518015','123','11518015@mail','male','2018-12-27 09:45:26.000000',30,2015,2),(335,'11611741','123','11611741@mail','male','2018-12-27 09:45:26.000000',30,2016,4),(336,'11812102','123','11812102@mail','male','2018-12-27 09:45:26.000000',30,2018,14),(337,'11811581','123','11811581@mail','male','2018-12-27 09:45:26.000000',30,2018,4),(338,'11512271','123','11512271@mail','male','2018-12-27 09:45:26.000000',30,2015,19),(339,'11611311','123','11611311@mail','male','2018-12-27 09:45:26.000000',30,2016,7),(340,'11819739','123','11819739@mail','male','2018-12-27 09:45:26.000000',30,2018,16),(341,'11614924','123','11614924@mail','male','2018-12-27 09:45:26.000000',30,2016,15),(342,'11715155','123','11715155@mail','male','2018-12-27 09:45:26.000000',30,2017,22),(343,'11718123','123','11718123@mail','male','2018-12-27 09:45:26.000000',30,2017,13),(344,'11813376','123','11813376@mail','male','2018-12-27 09:45:26.000000',30,2018,19),(345,'11618564','123','11618564@mail','male','2018-12-27 09:45:26.000000',30,2016,20),(346,'11718057','123','11718057@mail','male','2018-12-27 09:45:26.000000',30,2017,16),(347,'11819074','123','11819074@mail','male','2018-12-27 09:45:26.000000',30,2018,5),(348,'11716333','123','11716333@mail','male','2018-12-27 09:45:26.000000',30,2017,11),(349,'11511980','123','11511980@mail','male','2018-12-27 09:45:26.000000',30,2015,4),(350,'11817569','123','11817569@mail','male','2018-12-27 09:45:26.000000',30,2018,2),(351,'11819731','123','11819731@mail','male','2018-12-27 09:45:26.000000',30,2018,19),(352,'11814297','123','11814297@mail','male','2018-12-27 09:45:26.000000',30,2018,4),(353,'11619822','123','11619822@mail','male','2018-12-27 09:45:26.000000',30,2016,11),(354,'11619004','123','11619004@mail','male','2018-12-27 09:45:26.000000',30,2016,1),(355,'11815728','123','11815728@mail','male','2018-12-27 09:45:26.000000',30,2018,7),(356,'11713884','123','11713884@mail','male','2018-12-27 09:45:26.000000',30,2017,20),(357,'11716506','123','11716506@mail','male','2018-12-27 09:45:26.000000',30,2017,19),(358,'11614253','123','11614253@mail','male','2018-12-27 09:45:26.000000',30,2016,20),(359,'11517990','123','11517990@mail','male','2018-12-27 09:45:26.000000',30,2015,10),(360,'11819150','123','11819150@mail','male','2018-12-27 09:45:26.000000',30,2018,5),(361,'11813524','123','11813524@mail','male','2018-12-27 09:45:26.000000',30,2018,7),(362,'11715920','123','11715920@mail','male','2018-12-27 09:45:26.000000',30,2017,15),(363,'11514082','123','11514082@mail','male','2018-12-27 09:45:26.000000',30,2015,25),(364,'11815357','123','11815357@mail','male','2018-12-27 09:45:26.000000',30,2018,5),(365,'11516749','123','11516749@mail','male','2018-12-27 09:45:26.000000',30,2015,11),(366,'11715632','123','11715632@mail','male','2018-12-27 09:45:26.000000',30,2017,2),(367,'11518230','123','11518230@mail','male','2018-12-27 09:45:26.000000',30,2015,11),(368,'11517340','123','11517340@mail','male','2018-12-27 09:45:26.000000',30,2015,15),(369,'11813737','123','11813737@mail','male','2018-12-27 09:45:26.000000',30,2018,4),(370,'11515922','123','11515922@mail','male','2018-12-27 09:45:26.000000',30,2015,10),(371,'11616537','123','11616537@mail','male','2018-12-27 09:45:26.000000',30,2016,19),(372,'11715295','123','11715295@mail','male','2018-12-27 09:45:26.000000',30,2017,4),(373,'11818671','123','11818671@mail','male','2018-12-27 09:45:26.000000',30,2018,13),(374,'11812007','123','11812007@mail','male','2018-12-27 09:45:26.000000',30,2018,10),(375,'11611066','123','11611066@mail','male','2018-12-27 09:45:26.000000',30,2016,7),(376,'11812320','123','11812320@mail','male','2018-12-27 09:45:26.000000',30,2018,1),(377,'11716298','123','11716298@mail','male','2018-12-27 09:45:26.000000',30,2017,1),(378,'11713198','123','11713198@mail','male','2018-12-27 09:45:26.000000',30,2017,14),(379,'11719962','123','11719962@mail','male','2018-12-27 09:45:26.000000',30,2017,22),(380,'11811144','123','11811144@mail','male','2018-12-27 09:45:26.000000',30,2018,11),(381,'11517265','123','11517265@mail','male','2018-12-27 09:45:26.000000',30,2015,25),(382,'11515827','123','11515827@mail','male','2018-12-27 09:45:26.000000',30,2015,11),(383,'11615529','123','11615529@mail','male','2018-12-27 09:45:26.000000',30,2016,13),(384,'11815851','123','11815851@mail','male','2018-12-27 09:45:26.000000',30,2018,19),(385,'11614117','123','11614117@mail','male','2018-12-27 09:45:26.000000',30,2016,20),(386,'11817519','123','11817519@mail','male','2018-12-27 09:45:26.000000',30,2018,13),(387,'11815987','123','11815987@mail','male','2018-12-27 09:45:26.000000',30,2018,16),(388,'11617067','123','11617067@mail','male','2018-12-27 09:45:26.000000',30,2016,5),(389,'11514277','123','11514277@mail','male','2018-12-27 09:45:26.000000',30,2015,1),(390,'11519460','123','11519460@mail','male','2018-12-27 09:45:26.000000',30,2015,16),(391,'11512020','123','11512020@mail','male','2018-12-27 09:45:26.000000',30,2015,25),(392,'11814599','123','11814599@mail','male','2018-12-27 09:45:26.000000',30,2018,13),(393,'11717341','123','11717341@mail','male','2018-12-27 09:45:26.000000',30,2017,4),(394,'11514367','123','11514367@mail','male','2018-12-27 09:45:26.000000',30,2015,5),(395,'11816667','123','11816667@mail','male','2018-12-27 09:45:26.000000',30,2018,5),(396,'11717577','123','11717577@mail','male','2018-12-27 09:45:26.000000',30,2017,16),(397,'11514829','123','11514829@mail','male','2018-12-27 09:45:26.000000',30,2015,7),(398,'11712670','123','11712670@mail','male','2018-12-27 09:45:26.000000',30,2017,7),(399,'11717408','123','11717408@mail','male','2018-12-27 09:45:26.000000',30,2017,15),(400,'11617931','123','11617931@mail','male','2018-12-27 09:45:26.000000',30,2016,25),(401,'CC','CC','CC@123','male','2018-12-27 09:45:26.000000',8,2017,14);
/*!40000 ALTER TABLE `login_user` ENABLE KEYS */;
UNLOCK TABLES;
/*!40103 SET TIME_ZONE=@OLD_TIME_ZONE */;

/*!40101 SET SQL_MODE=@OLD_SQL_MODE */;
/*!40014 SET FOREIGN_KEY_CHECKS=@OLD_FOREIGN_KEY_CHECKS */;
/*!40014 SET UNIQUE_CHECKS=@OLD_UNIQUE_CHECKS */;
/*!40101 SET CHARACTER_SET_CLIENT=@OLD_CHARACTER_SET_CLIENT */;
/*!40101 SET CHARACTER_SET_RESULTS=@OLD_CHARACTER_SET_RESULTS */;
/*!40101 SET COLLATION_CONNECTION=@OLD_COLLATION_CONNECTION */;
/*!40111 SET SQL_NOTES=@OLD_SQL_NOTES */;

-- Dump completed on 2019-01-02 12:40:12
